,DEPTH,GR,NPHI,PE,RHOB,AC,Lithology
0,770.8,68.87,0.43,0.99,1.916,384.91,2
1,770.84,68.38,0.399,1.0,2.041,376.11,2
2,770.88,65.32,0.358,1.16,2.192,366.95,2
3,770.92,65.47,0.333,1.5,2.323,358.01,2
4,770.96,66.36,0.313,1.92,2.367,349.87,2
5,771.0,65.03,0.298,2.13,2.359,342.99,1
6,771.04,66.45,0.293,2.2,2.338,337.69,1
7,771.08,68.83,0.298,2.33,2.314,334.15,1
8,771.12,67.63,0.295,2.38,2.31,332.33,1
9,771.16,67.57,0.296,2.29,2.321,331.98,1
10,771.2,71.65,0.298,2.24,2.332,332.68,1
11,771.24,78.22,0.301,2.28,2.329,333.86,1
12,771.28,86.65,0.303,2.31,2.324,334.99,1
13,771.32,90.91,0.298,2.33,2.335,335.7,1
14,771.36,87.03,0.292,2.38,2.338,335.83,1
15,771.4,84.05,0.289,2.39,2.323,335.42,1
16,771.44,85.76,0.282,2.37,2.301,334.58,1
17,771.48,89.93,0.278,2.36,2.284,333.45,1
18,771.52,90.81,0.281,2.4,2.271,332.16,1
19,771.56,82.91,0.292,2.41,2.274,330.71,1
20,771.6,76.37,0.297,2.36,2.288,329.08,1
21,771.64,74.77,0.304,2.35,2.304,327.17,1
22,771.68,72.94,0.304,2.36,2.33,324.93,1
23,771.72,74.06,0.298,2.41,2.356,322.28,1
24,771.76,78.62,0.289,2.54,2.379,319.28,1
25,771.8,83.01,0.284,2.69,2.389,316.03,1
26,771.84,79.79,0.281,2.76,2.384,312.74,1
27,771.88,73.16,0.285,2.74,2.383,309.71,1
28,771.92,72.17,0.29,2.66,2.394,307.18,1
29,771.96,79.72,0.287,2.61,2.411,305.32,1
30,772.0,85.84,0.278,2.78,2.402,304.08,1
31,772.04,84.69,0.263,2.95,2.389,303.24,1
32,772.08,77.39,0.259,2.86,2.39,302.53,1
33,772.12,71.05,0.258,2.75,2.386,301.71,1
34,772.16,69.41,0.268,2.69,2.385,300.77,1
35,772.2,67.72,0.268,2.69,2.389,299.75,1
36,772.24,70.01,0.27,2.81,2.389,298.84,1
37,772.28,73.75,0.258,2.98,2.385,298.14,1
38,772.32,71.98,0.251,3.02,2.387,297.67,1
39,772.36,65.0,0.256,2.85,2.403,297.4,1
40,772.4,58.71,0.267,2.63,2.423,297.21,1
41,772.44,59.53,0.269,2.52,2.439,296.95,1
42,772.48,65.24,0.269,2.56,2.439,296.51,1
43,772.52,68.19,0.26,2.69,2.432,295.79,1
44,772.56,68.39,0.25,2.95,2.416,294.75,1
45,772.6,68.07,0.245,3.12,2.398,293.36,1
46,772.64,67.36,0.252,3.01,2.399,291.54,1
47,772.68,70.09,0.266,2.82,2.411,289.24,1
48,772.72,75.35,0.274,2.86,2.405,286.36,1
49,772.76,76.97,0.268,3.09,2.395,282.86,1
50,772.8,76.84,0.25,3.25,2.395,278.82,1
51,772.84,77.95,0.242,3.27,2.399,274.32,1
52,772.88,74.65,0.248,3.2,2.404,269.51,3
53,772.92,69.81,0.249,3.1,2.417,264.49,3
54,772.96,69.41,0.245,3.04,2.444,259.4,3
55,773.0,69.94,0.231,3.1,2.471,254.34,3
56,773.04,65.43,0.224,3.31,2.488,249.48,3
57,773.08,59.08,0.221,3.51,2.498,245.01,3
58,773.12,56.39,0.213,3.47,2.504,241.21,3
59,773.16,54.79,0.201,3.3,2.51,238.35,3
60,773.2,54.72,0.201,3.08,2.528,236.65,3
61,773.24,56.8,0.205,2.91,2.547,236.07,3
62,773.28,61.64,0.218,2.94,2.547,236.37,3
63,773.32,66.94,0.222,3.08,2.543,237.09,3
64,773.36,68.61,0.217,3.15,2.547,237.73,3
65,773.4,66.32,0.205,3.19,2.539,237.94,3
66,773.44,60.85,0.194,3.38,2.509,237.59,3
67,773.48,55.89,0.194,3.5,2.486,236.79,3
68,773.52,56.47,0.194,3.37,2.48,235.72,3
69,773.56,58.89,0.199,3.25,2.483,234.58,3
70,773.6,56.54,0.197,3.24,2.496,233.53,3
71,773.64,52.05,0.19,3.25,2.512,232.63,3
72,773.68,48.32,0.18,3.22,2.524,231.9,3
73,773.72,47.81,0.168,3.16,2.541,231.24,3
74,773.76,50.52,0.151,3.27,2.559,230.39,3
75,773.8,51.23,0.139,3.53,2.582,228.98,3
76,773.84,50.6,0.123,3.8,2.618,226.69,3
77,773.88,48.88,0.109,3.98,2.657,223.38,3
78,773.92,46.69,0.098,4.1,2.673,219.24,3
79,773.96,45.73,0.093,4.21,2.677,214.58,3
80,774.0,44.59,0.088,4.14,2.687,209.75,3
81,774.04,45.86,0.087,4.11,2.673,205.0,3
82,774.08,51.09,0.086,4.22,2.647,200.55,3
83,774.12,52.99,0.087,4.31,2.64,196.67,3
84,774.16,52.55,0.089,4.3,2.65,193.8,3
85,774.2,53.76,0.087,4.19,2.663,192.53,3
86,774.24,55.18,0.088,4.12,2.675,193.34,3
87,774.28,53.35,0.094,4.24,2.679,196.38,3
88,774.32,50.25,0.103,4.4,2.674,201.36,3
89,774.36,50.29,0.113,4.23,2.68,207.9,3
90,774.4,55.05,0.119,4.05,2.681,215.51,3
91,774.44,58.94,0.126,4.06,2.662,223.88,3
92,774.48,60.75,0.132,3.96,2.655,232.87,3
93,774.52,62.11,0.14,3.73,2.67,242.36,3
94,774.56,60.17,0.148,3.53,2.673,252.28,3
95,774.6,56.44,0.157,3.49,2.651,262.35,3
96,774.64,60.82,0.16,3.63,2.624,272.17,3
97,774.68,66.3,0.159,3.85,2.594,281.19,1
98,774.72,67.86,0.171,3.93,2.563,289.01,1
99,774.76,69.92,0.188,4.04,2.522,295.53,1
100,774.8,71.67,0.203,3.84,2.477,301.05,1
101,774.84,72.89,0.224,3.49,2.443,306.0,1
102,774.88,72.85,0.25,3.29,2.431,310.64,1
103,774.92,69.67,0.266,3.1,2.421,314.91,1
104,774.96,67.83,0.276,2.83,2.382,318.48,1
105,775.0,72.99,0.283,2.72,2.349,321.16,1
106,775.04,77.23,0.287,2.74,2.341,322.98,1
107,775.08,75.79,0.291,2.6,2.365,324.4,1
108,775.12,77.5,0.283,2.48,2.387,325.95,1
109,775.16,80.13,0.273,2.51,2.395,327.86,1
110,775.2,79.15,0.268,2.56,2.401,329.92,1
111,775.24,80.62,0.278,2.59,2.41,331.64,1
112,775.28,81.9,0.276,2.65,2.419,332.6,1
113,775.32,78.15,0.265,2.68,2.427,332.68,1
114,775.36,76.89,0.259,2.73,2.427,332.09,1
115,775.4,80.74,0.26,2.84,2.418,331.2,1
116,775.44,82.77,0.262,3.02,2.398,330.19,1
117,775.48,79.03,0.259,3.06,2.378,328.89,1
118,775.52,77.39,0.244,2.85,2.377,326.85,1
119,775.56,82.55,0.237,2.61,2.393,323.6,1
120,775.6,88.21,0.234,2.44,2.407,318.95,1
121,775.64,90.15,0.233,2.4,2.412,313.21,1
122,775.68,84.08,0.239,2.38,2.426,307.18,1
123,775.72,71.51,0.25,2.35,2.453,301.82,1
124,775.76,61.17,0.261,2.39,2.472,297.77,1
125,775.8,55.64,0.266,2.46,2.501,295.15,1
126,775.84,51.64,0.265,2.58,2.55,293.56,1
127,775.88,52.18,0.253,2.76,2.641,292.43,1
128,775.92,59.05,0.246,3.16,2.737,291.42,1
129,775.96,65.09,0.239,3.61,2.748,290.52,1
130,776.0,66.8,0.227,3.78,2.718,290.01,1
131,776.04,70.26,0.22,3.99,2.699,290.34,1
132,776.08,77.22,0.227,4.55,2.686,291.85,1
133,776.12,83.05,0.257,5.25,2.645,294.74,1
134,776.16,90.32,0.294,5.2,2.544,298.95,1
135,776.2,95.21,0.303,4.33,2.437,304.16,1
136,776.24,94.89,0.293,3.57,2.4,309.82,1
137,776.28,94.64,0.28,3.19,2.425,315.37,1
138,776.32,92.05,0.273,3.03,2.452,320.45,1
139,776.36,91.82,0.284,2.99,2.461,324.95,1
140,776.4,95.54,0.297,3.05,2.471,328.99,1
141,776.44,93.7,0.296,3.08,2.488,332.75,1
142,776.48,90.25,0.285,3.04,2.508,336.38,1
143,776.52,94.42,0.275,3.12,2.534,339.89,1
144,776.56,102.23,0.263,3.27,2.547,343.28,1
145,776.6,104.94,0.271,3.29,2.531,346.47,1
146,776.64,107.58,0.279,3.25,2.504,349.41,1
147,776.68,109.07,0.285,3.14,2.485,352.06,1
148,776.72,108.09,0.287,3.12,2.483,354.44,1
149,776.76,109.79,0.276,3.16,2.498,356.56,1
150,776.8,112.5,0.286,3.12,2.513,358.46,1
151,776.84,112.22,0.295,2.88,2.503,360.13,1
152,776.88,110.67,0.314,2.65,2.483,361.47,1
153,776.92,114.38,0.317,2.58,2.467,362.29,1
154,776.96,119.77,0.322,2.68,2.453,362.36,1
155,777.0,114.24,0.319,2.76,2.462,361.47,1
156,777.04,108.3,0.31,2.89,2.491,359.54,1
157,777.08,110.46,0.297,3.13,2.487,356.65,1
158,777.12,112.99,0.292,3.15,2.45,352.97,1
159,777.16,110.12,0.285,2.96,2.44,348.77,1
160,777.2,104.41,0.286,2.74,2.471,344.32,1
161,777.24,101.49,0.294,2.58,2.501,339.84,1
162,777.28,99.27,0.303,2.56,2.506,335.52,1
163,777.32,95.24,0.31,2.67,2.503,331.41,1
164,777.36,93.96,0.303,2.92,2.503,327.54,1
165,777.4,95.72,0.287,3.19,2.515,323.79,1
166,777.44,92.13,0.27,3.46,2.529,320.05,1
167,777.48,87.34,0.269,3.67,2.543,316.3,1
168,777.52,90.96,0.277,3.72,2.546,312.65,1
169,777.56,95.37,0.287,3.66,2.525,309.4,1
170,777.6,93.87,0.279,3.49,2.507,306.95,1
171,777.64,88.01,0.278,3.36,2.511,305.63,1
172,777.68,81.43,0.278,3.17,2.521,305.62,1
173,777.72,80.36,0.278,2.99,2.521,306.75,1
174,777.76,86.6,0.279,2.84,2.519,308.56,1
175,777.8,96.61,0.282,2.76,2.521,310.55,1
176,777.84,101.1,0.287,2.77,2.531,312.26,1
177,777.88,98.59,0.291,2.88,2.538,313.5,1
178,777.92,94.18,0.294,3.0,2.538,314.29,1
179,777.96,90.21,0.308,3.01,2.535,314.78,1
180,778.0,88.82,0.311,2.93,2.536,315.2,1
181,778.04,89.77,0.304,2.85,2.545,315.68,1
182,778.08,92.16,0.297,2.86,2.554,316.31,1
183,778.12,92.7,0.296,2.87,2.569,317.03,1
184,778.16,91.33,0.29,2.87,2.572,317.69,1
185,778.2,93.44,0.283,2.97,2.551,318.08,1
186,778.24,98.85,0.282,3.12,2.53,318.09,1
187,778.28,103.81,0.279,3.16,2.525,317.78,1
188,778.32,103.51,0.269,3.26,2.547,317.42,1
189,778.36,95.03,0.27,3.59,2.577,317.4,1
190,778.4,87.73,0.283,3.89,2.582,318.05,1
191,778.44,92.03,0.299,3.65,2.568,319.52,1
192,778.48,102.33,0.294,3.14,2.584,321.63,1
193,778.52,107.81,0.294,2.87,2.615,323.98,1
194,778.56,107.47,0.294,2.92,2.617,326.06,1
195,778.6,106.5,0.292,3.05,2.599,327.5,1
196,778.64,103.74,0.29,3.11,2.604,328.15,1
197,778.68,102.95,0.284,3.17,2.644,328.09,1
198,778.72,107.25,0.281,3.27,2.684,327.51,1
199,778.76,110.71,0.273,3.45,2.653,326.66,1
200,778.8,108.29,0.275,3.57,2.581,325.79,1
201,778.84,103.48,0.285,3.47,2.54,325.11,1
202,778.88,104.14,0.3,3.32,2.526,324.84,1
203,778.92,104.5,0.319,3.29,2.518,325.14,1
204,778.96,100.39,0.311,3.43,2.512,326.03,1
205,779.0,99.14,0.304,3.6,2.499,327.38,1
206,779.04,97.88,0.303,3.43,2.488,328.98,1
207,779.08,90.3,0.311,3.2,2.474,330.63,1
208,779.12,84.23,0.317,3.19,2.454,332.18,1
209,779.16,83.84,0.323,3.36,2.426,333.57,1
210,779.2,83.61,0.332,3.61,2.387,334.75,1
211,779.24,85.77,0.341,3.61,2.347,335.71,1
212,779.28,83.52,0.34,3.24,2.319,336.46,1
213,779.32,78.17,0.341,2.79,2.293,337.05,1
214,779.36,77.74,0.337,2.51,2.271,337.56,1
215,779.4,79.81,0.342,2.4,2.261,338.14,1
216,779.44,82.26,0.336,2.38,2.26,338.89,1
217,779.48,87.97,0.342,2.35,2.263,339.83,1
218,779.52,90.17,0.34,2.3,2.268,340.8,1
219,779.56,85.73,0.34,2.28,2.281,341.58,1
220,779.6,81.06,0.344,2.28,2.299,342.01,1
221,779.64,83.41,0.352,2.31,2.316,342.16,1
222,779.68,89.33,0.355,2.37,2.338,342.39,1
223,779.72,88.57,0.346,2.48,2.349,343.27,1
224,779.76,82.65,0.354,2.57,2.345,345.33,1
225,779.8,79.63,0.377,2.59,2.338,348.91,1
226,779.84,80.92,0.405,2.64,2.333,354.04,1
227,779.88,82.17,0.418,2.66,2.344,360.6,2
228,779.92,81.95,0.426,2.53,2.358,368.31,2
229,779.96,81.17,0.448,2.42,2.334,376.86,2
230,780.0,76.3,0.479,2.38,2.256,385.88,2
231,780.04,61.05,0.501,2.35,2.13,395.02,2
232,780.08,47.95,0.49,2.31,1.998,403.85,2
233,780.12,42.8,0.475,2.32,1.895,412.02,2
234,780.16,36.81,0.461,2.38,1.802,419.28,2
235,780.2,31.69,0.464,2.44,1.684,425.58,2
236,780.24,29.96,0.488,2.23,1.551,431.01,2
237,780.28,28.18,0.507,1.8,1.447,435.53,2
238,780.32,25.55,0.499,1.53,1.39,439.02,2
239,780.36,24.23,0.468,1.48,1.365,441.28,2
240,780.4,24.78,0.472,1.49,1.37,442.27,2
241,780.44,31.42,0.473,1.49,1.397,442.26,2
242,780.48,44.29,0.479,1.52,1.416,441.73,2
243,780.52,52.73,0.514,1.59,1.409,441.27,2
244,780.56,55.44,0.575,1.58,1.413,441.31,2
245,780.6,60.8,0.588,1.45,1.477,442.04,2
246,780.64,71.47,0.582,1.36,1.604,443.38,2
247,780.68,83.55,0.535,1.45,1.762,445.03,2
248,780.72,86.1,0.505,1.46,1.857,446.62,2
249,780.76,81.11,0.507,1.19,1.874,447.76,2
250,780.8,74.03,0.509,1.08,1.874,448.06,2
251,780.84,66.79,0.498,1.27,1.865,447.22,2
252,780.88,62.36,0.527,1.64,1.821,445.07,2
253,780.92,59.33,0.536,1.98,1.723,441.72,2
254,780.96,52.42,0.521,2.05,1.578,437.55,2
255,781.0,46.74,0.51,1.86,1.447,433.09,2
256,781.04,45.38,0.506,1.68,1.386,428.8,2
257,781.08,47.24,0.497,1.63,1.387,424.84,2
258,781.12,53.64,0.484,1.64,1.408,421.03,2
259,781.16,60.5,0.46,1.57,1.42,416.95,2
260,781.2,60.28,0.436,1.44,1.422,412.21,2
261,781.24,59.25,0.428,1.34,1.452,406.49,2
262,781.28,60.2,0.407,1.34,1.54,399.78,2
263,781.32,60.19,0.416,1.47,1.682,392.35,2
264,781.36,62.48,0.421,1.61,1.821,384.75,2
265,781.4,64.82,0.43,1.63,1.9,377.58,2
266,781.44,65.31,0.42,1.57,1.945,371.28,2
267,781.48,65.78,0.391,1.59,2.014,366.02,2
268,781.52,64.44,0.36,1.79,2.116,361.54,2
269,781.56,59.78,0.329,2.12,2.216,357.34,2
270,781.6,60.54,0.308,2.33,2.268,352.89,2
271,781.64,65.34,0.297,2.35,2.267,347.88,1
272,781.68,69.18,0.287,2.31,2.254,342.39,1
273,781.72,68.68,0.27,2.23,2.242,336.8,1
274,781.76,67.56,0.257,2.24,2.234,331.63,1
275,781.8,69.27,0.247,2.3,2.246,327.23,1
276,781.84,69.96,0.261,2.31,2.276,323.68,1
277,781.88,71.44,0.262,2.25,2.289,320.91,1
278,781.92,76.26,0.261,2.21,2.29,318.75,1
279,781.96,79.44,0.257,2.24,2.289,317.08,1
280,782.0,77.73,0.263,2.23,2.29,315.82,1
281,782.04,75.09,0.272,2.19,2.286,314.94,1
282,782.08,72.46,0.279,2.1,2.278,314.47,1
283,782.12,65.1,0.277,2.08,2.269,314.51,1
284,782.16,58.79,0.287,2.12,2.264,315.19,1
285,782.2,58.52,0.289,2.15,2.272,316.7,1
286,782.24,59.98,0.295,2.25,2.262,319.19,1
287,782.28,58.86,0.289,2.31,2.232,322.71,1
288,782.32,54.99,0.285,2.24,2.211,327.15,1
289,782.36,52.87,0.283,2.14,2.206,332.23,0
290,782.4,55.19,0.292,2.09,2.215,337.65,0
291,782.44,58.25,0.308,2.06,2.231,343.1,1
292,782.48,61.03,0.323,2.06,2.244,348.53,2
293,782.52,65.18,0.327,2.1,2.258,354.01,2
294,782.56,68.94,0.314,2.11,2.272,359.6,2
295,782.6,72.39,0.307,2.1,2.29,365.24,2
296,782.64,79.53,0.31,2.1,2.328,370.68,2
297,782.68,88.37,0.318,2.23,2.366,375.62,2
298,782.72,95.05,0.328,2.46,2.383,379.86,2
299,782.76,97.99,0.336,2.66,2.386,383.32,2
300,782.8,100.43,0.352,2.67,2.389,385.96,2
301,782.84,101.91,0.385,2.6,2.399,387.9,2
302,782.88,103.51,0.4,2.69,2.397,389.29,2
303,782.92,108.32,0.402,2.87,2.391,390.43,2
304,782.96,113.56,0.387,2.89,2.405,391.54,2
305,783.0,118.39,0.39,2.87,2.421,392.77,2
306,783.04,116.21,0.404,2.93,2.421,393.97,2
307,783.08,111.56,0.406,2.91,2.424,394.75,2
308,783.12,110.83,0.399,2.87,2.416,394.66,2
309,783.16,112.9,0.391,2.85,2.403,393.36,2
310,783.2,116.23,0.392,2.83,2.406,390.81,2
311,783.24,117.77,0.381,2.77,2.42,387.12,2
312,783.28,117.02,0.364,2.73,2.427,382.36,2
313,783.32,115.07,0.368,2.72,2.425,376.42,2
314,783.36,110.99,0.366,2.73,2.416,369.13,1
315,783.4,109.84,0.355,2.79,2.41,360.68,1
316,783.44,108.45,0.335,2.78,2.425,351.8,1
317,783.48,101.22,0.331,2.69,2.45,343.58,1
318,783.52,86.99,0.321,2.63,2.468,336.86,1
319,783.56,69.0,0.287,2.55,2.473,331.85,1
320,783.6,57.67,0.248,2.51,2.449,328.02,1
321,783.64,52.91,0.227,2.53,2.407,324.55,0
322,783.68,51.45,0.219,2.47,2.376,320.84,0
323,783.72,48.93,0.213,2.36,2.346,316.73,0
324,783.76,42.45,0.204,2.24,2.318,312.55,0
325,783.8,36.61,0.192,2.16,2.294,308.84,0
326,783.84,36.06,0.188,2.13,2.272,306.15,0
327,783.88,38.15,0.192,2.08,2.247,304.9,0
328,783.92,38.49,0.2,1.99,2.219,305.33,0
329,783.96,36.66,0.207,1.91,2.213,307.4,0
330,784.0,34.72,0.215,1.87,2.216,310.93,0
331,784.04,33.75,0.218,1.83,2.21,315.57,0
332,784.08,35.05,0.222,1.76,2.212,320.95,0
333,784.12,36.12,0.227,1.7,2.227,326.79,0
334,784.16,35.86,0.233,1.69,2.229,332.91,0
335,784.2,34.77,0.236,1.71,2.218,339.21,0
336,784.24,33.61,0.25,1.77,2.21,345.5,0
337,784.28,35.05,0.256,1.8,2.214,351.38,0
338,784.32,38.67,0.258,1.78,2.219,356.37,2
339,784.36,39.0,0.254,1.76,2.219,360.01,2
340,784.4,35.96,0.259,1.79,2.209,362.08,2
341,784.44,36.52,0.263,1.85,2.195,362.68,2
342,784.48,39.37,0.264,1.9,2.186,362.11,2
343,784.52,37.94,0.27,1.94,2.182,360.75,2
344,784.56,33.86,0.264,1.95,2.178,358.89,2
345,784.6,30.2,0.263,1.95,2.174,356.79,0
346,784.64,27.96,0.26,1.93,2.177,354.71,0
347,784.68,29.01,0.267,1.88,2.187,352.8,0
348,784.72,30.2,0.275,1.86,2.191,351.13,0
349,784.76,31.57,0.28,1.86,2.193,349.5,0
350,784.8,34.8,0.284,1.83,2.19,347.67,0
351,784.84,37.58,0.29,1.81,2.185,345.48,0
352,784.88,39.72,0.295,1.82,2.182,343.02,0
353,784.92,39.44,0.295,1.81,2.181,340.6,0
354,784.96,37.43,0.301,1.85,2.172,338.66,0
355,785.0,38.72,0.286,1.87,2.162,337.43,0
356,785.04,41.47,0.274,1.83,2.158,336.83,0
357,785.08,39.98,0.266,1.81,2.166,336.5,0
358,785.12,37.05,0.258,1.84,2.185,336.02,0
359,785.16,36.25,0.253,1.84,2.212,335.11,0
360,785.2,36.44,0.249,1.76,2.248,333.76,0
361,785.24,36.72,0.243,1.7,2.282,332.19,0
362,785.28,38.01,0.248,1.7,2.301,330.68,0
363,785.32,39.39,0.257,1.72,2.32,329.42,0
364,785.36,40.06,0.256,1.7,2.348,328.47,0
365,785.4,38.71,0.252,1.7,2.362,327.76,0
366,785.44,36.7,0.247,1.76,2.345,327.24,0
367,785.48,36.41,0.248,1.83,2.324,326.89,0
368,785.52,37.62,0.259,1.9,2.313,326.83,0
369,785.56,36.82,0.266,1.95,2.303,327.24,0
370,785.6,35.74,0.269,1.96,2.288,328.26,0
371,785.64,36.36,0.264,1.94,2.265,329.89,0
372,785.68,38.06,0.259,1.92,2.231,331.96,0
373,785.72,40.27,0.252,1.9,2.21,334.16,0
374,785.76,40.48,0.25,1.83,2.218,336.24,0
375,785.8,41.13,0.253,1.78,2.236,338.03,0
376,785.84,46.31,0.26,1.75,2.239,339.52,0
377,785.88,50.87,0.256,1.79,2.226,340.79,0
378,785.92,47.4,0.262,1.86,2.208,341.93,0
379,785.96,44.27,0.275,1.87,2.195,342.99,0
380,786.0,43.94,0.289,1.81,2.194,343.96,0
381,786.04,42.12,0.289,1.74,2.202,344.84,0
382,786.08,39.47,0.281,1.74,2.205,345.61,0
383,786.12,38.4,0.279,1.82,2.193,346.28,0
384,786.16,38.46,0.281,1.87,2.183,346.95,0
385,786.2,37.3,0.278,1.89,2.187,347.7,0
386,786.24,33.33,0.291,1.91,2.186,348.59,0
387,786.28,30.43,0.302,1.97,2.179,349.65,0
388,786.32,29.32,0.299,2.01,2.172,350.85,0
389,786.36,29.59,0.294,2.01,2.164,352.06,0
390,786.4,30.62,0.286,2.0,2.165,353.19,0
391,786.44,31.9,0.287,1.94,2.171,354.17,0
392,786.48,33.02,0.289,1.84,2.176,355.02,0
393,786.52,31.66,0.288,1.82,2.176,355.81,0
394,786.56,28.66,0.287,1.9,2.169,356.62,0
395,786.6,29.43,0.29,1.96,2.172,357.43,0
396,786.64,31.11,0.293,1.95,2.19,358.12,2
397,786.68,29.77,0.294,1.93,2.207,358.52,2
398,786.72,29.49,0.292,1.9,2.209,358.51,2
399,786.76,32.66,0.28,1.9,2.2,358.05,2
400,786.8,35.05,0.268,1.92,2.196,357.25,2
401,786.84,32.69,0.262,1.91,2.21,356.33,0
402,786.88,30.93,0.269,1.84,2.231,355.56,0
403,786.92,31.5,0.275,1.83,2.226,355.14,0
404,786.96,31.16,0.271,1.89,2.198,355.13,0
405,787.0,31.91,0.263,1.97,2.178,355.47,0
406,787.04,36.22,0.267,2.0,2.176,356.08,2
407,787.08,36.96,0.268,2.01,2.18,356.87,2
408,787.12,33.08,0.275,2.04,2.183,357.83,2
409,787.16,32.4,0.268,1.98,2.196,358.92,2
410,787.2,32.66,0.261,1.94,2.212,360.06,2
411,787.24,34.1,0.259,1.93,2.226,361.04,2
412,787.28,38.68,0.259,1.92,2.234,361.61,2
413,787.32,41.4,0.26,1.9,2.226,361.62,2
414,787.36,41.89,0.266,1.94,2.215,361.1,2
415,787.4,40.55,0.276,2.04,2.206,360.31,2
416,787.44,41.06,0.283,2.11,2.209,359.61,2
417,787.48,43.54,0.28,2.04,2.233,359.25,2
418,787.52,41.87,0.28,1.92,2.25,359.33,2
419,787.56,39.72,0.275,1.93,2.239,359.83,2
420,787.6,39.81,0.279,2.03,2.226,360.64,2
421,787.64,38.91,0.281,2.04,2.224,361.57,2
422,787.68,37.71,0.282,1.93,2.228,362.32,2
423,787.72,39.25,0.279,1.89,2.232,362.7,2
424,787.76,40.68,0.267,1.96,2.238,362.71,2
425,787.8,40.01,0.265,2.02,2.238,362.55,2
426,787.84,40.21,0.27,2.04,2.22,362.54,2
427,787.88,41.09,0.278,1.99,2.194,362.89,2
428,787.92,42.83,0.27,1.94,2.178,363.64,2
429,787.96,46.37,0.264,1.94,2.168,364.62,2
430,788.0,46.32,0.264,1.93,2.17,365.6,2
431,788.04,40.85,0.273,1.86,2.178,366.46,2
432,788.08,38.48,0.281,1.8,2.182,367.11,2
433,788.12,39.33,0.272,1.81,2.176,367.57,2
434,788.16,38.22,0.27,1.86,2.168,367.88,2
435,788.2,38.17,0.276,1.93,2.16,368.05,2
436,788.24,39.78,0.276,2.0,2.154,368.08,2
437,788.28,39.57,0.276,2.08,2.148,367.96,2
438,788.32,38.67,0.28,2.12,2.148,367.74,2
439,788.36,41.74,0.282,2.02,2.161,367.47,2
440,788.4,46.08,0.285,1.82,2.179,367.25,2
441,788.44,47.72,0.279,1.74,2.194,367.09,2
442,788.48,48.49,0.269,1.81,2.204,366.79,2
443,788.52,47.82,0.27,1.95,2.213,366.1,2
444,788.56,47.49,0.279,2.03,2.207,364.82,2
445,788.6,46.94,0.294,2.0,2.194,363.04,2
446,788.64,45.69,0.311,1.92,2.186,361.09,2
447,788.68,47.65,0.303,1.88,2.182,359.31,2
448,788.72,51.86,0.286,1.95,2.173,357.94,2
449,788.76,50.33,0.276,2.1,2.156,356.94,2
450,788.8,44.17,0.269,2.17,2.139,356.19,2
451,788.84,40.78,0.275,2.05,2.137,355.5,2
452,788.88,44.25,0.28,1.94,2.146,354.82,2
453,788.92,47.41,0.282,1.92,2.155,354.19,2
454,788.96,45.41,0.282,1.92,2.155,353.76,2
455,789.0,42.58,0.292,1.95,2.152,353.62,2
456,789.04,42.87,0.295,2.02,2.153,353.86,2
457,789.08,44.7,0.289,2.03,2.165,354.52,2
458,789.12,45.97,0.276,1.95,2.199,355.47,2
459,789.16,48.28,0.278,1.9,2.226,356.61,2
460,789.2,50.72,0.288,1.89,2.225,357.76,2
461,789.24,51.66,0.289,1.83,2.221,358.82,2
462,789.28,50.69,0.3,1.8,2.221,359.81,2
463,789.32,48.62,0.309,1.86,2.206,360.73,2
464,789.36,45.18,0.306,1.93,2.184,361.59,2
465,789.4,43.1,0.308,1.93,2.17,362.25,2
466,789.44,43.53,0.313,1.89,2.158,362.67,2
467,789.48,43.6,0.305,1.85,2.144,362.88,2
468,789.52,41.66,0.294,1.87,2.137,363.06,2
469,789.56,39.67,0.289,1.89,2.14,363.46,2
470,789.6,37.81,0.298,1.88,2.145,364.25,2
471,789.64,37.48,0.304,1.87,2.146,365.4,2
472,789.68,36.76,0.296,1.9,2.151,366.79,2
473,789.72,37.78,0.295,1.94,2.153,368.1,2
474,789.76,40.84,0.301,1.93,2.152,368.97,2
475,789.8,40.54,0.303,1.93,2.151,369.14,2
476,789.84,35.84,0.294,1.96,2.158,368.46,2
477,789.88,33.7,0.289,1.98,2.171,367.06,2
478,789.92,37.55,0.289,1.98,2.177,365.24,2
479,789.96,43.22,0.277,1.96,2.171,363.2,2
480,790.0,47.82,0.263,1.86,2.182,361.06,2
481,790.04,52.69,0.262,1.79,2.202,358.68,2
482,790.08,54.7,0.273,1.84,2.211,355.89,2
483,790.12,53.18,0.278,1.9,2.212,352.57,2
484,790.16,52.57,0.279,1.92,2.209,348.76,2
485,790.2,58.15,0.272,1.9,2.211,344.74,1
486,790.24,67.87,0.27,1.89,2.226,340.93,1
487,790.28,72.12,0.27,1.91,2.246,337.77,1
488,790.32,70.86,0.269,1.88,2.272,335.63,1
489,790.36,71.62,0.273,1.87,2.297,334.7,1
490,790.4,74.16,0.282,1.92,2.321,335.02,1
491,790.44,71.16,0.322,1.96,2.362,336.39,1
492,790.48,64.8,0.379,1.99,2.417,338.46,1
493,790.52,60.69,0.422,2.06,2.451,340.83,1
494,790.56,62.61,0.412,2.1,2.434,343.16,1
495,790.6,65.72,0.389,2.2,2.336,345.25,1
496,790.64,59.88,0.373,2.4,2.197,347.09,2
497,790.68,51.8,0.374,2.46,2.076,348.85,2
498,790.72,52.21,0.375,2.46,1.985,350.81,2
499,790.76,56.95,0.398,2.59,1.902,353.28,2
500,790.8,58.25,0.447,2.71,1.84,356.42,2
501,790.84,61.45,0.516,2.58,1.817,360.28,2
502,790.88,71.71,0.548,2.17,1.83,364.82,2
503,790.92,79.16,0.537,1.72,1.88,369.88,2
504,790.96,79.79,0.53,1.45,1.952,375.24,2
505,791.0,79.31,0.477,1.4,2.046,380.55,2
506,791.04,76.48,0.456,1.49,2.169,385.44,2
507,791.08,71.5,0.464,1.73,2.252,389.65,2
508,791.12,64.9,0.467,1.99,2.225,393.13,2
509,791.16,57.26,0.467,2.05,2.125,396.11,2
510,791.2,50.69,0.472,1.99,2.021,398.91,2
511,791.24,42.19,0.491,2.0,1.932,401.86,2
512,791.28,34.44,0.522,2.09,1.837,405.08,2
513,791.32,33.12,0.516,2.22,1.716,408.64,2
514,791.36,34.57,0.532,2.37,1.584,412.42,2
515,791.4,32.31,0.555,2.49,1.464,416.19,2
516,791.44,30.42,0.56,2.56,1.386,419.65,2
517,791.48,32.11,0.547,2.56,1.347,422.38,2
518,791.52,33.89,0.503,2.34,1.319,424.01,2
519,791.56,33.87,0.482,2.04,1.3,424.28,2
520,791.6,34.22,0.473,1.88,1.296,423.19,2
521,791.64,36.68,0.482,1.87,1.308,421.01,2
522,791.68,39.28,0.498,1.85,1.34,418.1,2
523,791.72,40.22,0.501,1.77,1.396,414.73,2
524,791.76,41.59,0.48,1.69,1.477,411.04,2
525,791.8,42.24,0.456,1.63,1.589,407.14,2
526,791.84,43.0,0.44,1.62,1.716,403.13,2
527,791.88,47.66,0.443,1.68,1.837,399.18,2
528,791.92,57.03,0.439,1.88,1.915,395.29,2
529,791.96,64.17,0.424,2.19,1.953,391.24,2
530,792.0,66.56,0.397,2.53,2.021,386.61,2
531,792.04,63.49,0.376,2.97,2.105,381.06,2
532,792.08,65.22,0.369,3.26,2.145,374.57,2
533,792.12,71.58,0.35,3.3,2.149,367.45,2
534,792.16,73.33,0.326,3.2,2.158,360.15,2
535,792.2,71.8,0.318,2.93,2.229,352.98,2
536,792.24,68.91,0.316,2.78,2.369,346.04,1
537,792.28,62.2,0.304,2.83,2.485,339.23,1
538,792.32,55.94,0.287,2.9,2.516,332.47,1
539,792.36,55.87,0.266,2.77,2.512,325.74,1
540,792.4,56.96,0.238,2.57,2.517,319.14,1
541,792.44,55.67,0.218,2.46,2.526,312.76,1
542,792.48,54.68,0.197,2.4,2.535,306.66,1
543,792.52,55.43,0.184,2.3,2.535,300.84,1
544,792.56,55.57,0.174,2.16,2.523,295.35,1
545,792.6,53.67,0.169,2.09,2.514,290.3,1
546,792.64,52.8,0.174,2.1,2.504,285.97,1
547,792.68,56.58,0.181,2.03,2.516,282.71,1
548,792.72,60.77,0.192,2.0,2.548,280.76,1
549,792.76,63.61,0.195,2.08,2.563,280.23,1
550,792.8,65.1,0.205,2.14,2.568,280.93,1
551,792.84,64.94,0.214,2.18,2.568,282.58,1
552,792.88,68.43,0.222,2.18,2.565,284.82,1
553,792.92,72.5,0.223,2.21,2.546,287.41,1
554,792.96,68.95,0.23,2.29,2.5,290.2,1
555,793.0,62.78,0.232,2.39,2.443,293.14,1
556,793.04,57.08,0.242,2.42,2.394,296.19,1
557,793.08,51.37,0.255,2.33,2.352,299.23,1
558,793.12,43.16,0.267,2.18,2.331,302.13,0
559,793.16,36.46,0.278,2.08,2.324,304.84,0
560,793.2,33.97,0.277,2.05,2.304,307.41,0
561,793.24,33.56,0.29,2.01,2.275,309.91,0
562,793.28,32.39,0.283,1.97,2.247,312.43,0
563,793.32,32.98,0.285,1.93,2.219,314.99,0
564,793.36,36.4,0.282,1.89,2.193,317.56,0
565,793.4,41.23,0.275,1.85,2.168,320.09,0
566,793.44,44.68,0.264,1.78,2.158,322.62,0
567,793.48,45.13,0.26,1.71,2.17,325.22,0
568,793.52,45.14,0.256,1.69,2.176,327.94,0
569,793.56,44.79,0.259,1.66,2.172,330.8,0
570,793.6,42.78,0.265,1.62,2.168,333.77,0
571,793.64,40.43,0.266,1.64,2.163,336.7,0
572,793.68,41.39,0.269,1.67,2.163,339.42,0
573,793.72,46.11,0.266,1.66,2.169,341.67,0
574,793.76,49.93,0.263,1.71,2.16,343.33,0
575,793.8,49.63,0.27,1.79,2.15,344.35,0
576,793.84,43.32,0.282,1.84,2.153,344.9,0
577,793.88,40.02,0.282,1.85,2.161,345.21,0
578,793.92,46.77,0.273,1.82,2.176,345.59,0
579,793.96,56.11,0.264,1.77,2.19,346.24,2
580,794.0,56.13,0.263,1.74,2.189,347.2,2
581,794.04,48.74,0.263,1.74,2.193,348.41,0
582,794.08,44.38,0.276,1.73,2.213,349.65,0
583,794.12,43.67,0.29,1.73,2.229,350.67,0
584,794.16,43.13,0.296,1.79,2.232,351.16,0
585,794.2,42.46,0.291,1.83,2.229,350.88,0
586,794.24,42.3,0.289,1.78,2.235,349.69,0
587,794.28,42.67,0.288,1.76,2.238,347.66,0
588,794.32,44.97,0.282,1.85,2.227,345.01,0
589,794.36,45.91,0.28,1.95,2.216,342.09,0
590,794.4,47.52,0.279,1.93,2.216,339.26,0
591,794.44,53.19,0.272,1.92,2.226,336.8,0
592,794.48,60.82,0.265,1.91,2.253,334.9,1
593,794.52,65.81,0.263,1.9,2.295,333.63,1
594,794.56,68.24,0.265,1.94,2.34,333.0,1
595,794.6,72.24,0.255,1.95,2.386,332.78,1
596,794.64,78.12,0.242,1.92,2.42,332.65,1
597,794.68,79.83,0.235,1.97,2.431,332.35,1
598,794.72,75.32,0.251,2.1,2.425,331.75,1
599,794.76,72.06,0.267,2.28,2.403,330.96,1
600,794.8,70.68,0.282,2.48,2.357,330.16,1
601,794.84,67.45,0.294,2.61,2.305,329.54,1
602,794.88,62.84,0.301,2.53,2.28,329.26,1
603,794.92,57.79,0.304,2.4,2.262,329.37,1
604,794.96,53.04,0.301,2.32,2.222,329.78,0
605,795.0,51.35,0.307,2.21,2.181,330.36,0
606,795.04,53.31,0.303,2.07,2.159,330.9,0
607,795.08,52.73,0.299,2.02,2.144,331.22,0
608,795.12,47.7,0.29,2.01,2.131,331.24,0
609,795.16,43.97,0.283,2.0,2.139,330.97,0
610,795.2,45.78,0.261,2.01,2.165,330.63,0
611,795.24,52.59,0.25,2.04,2.198,330.39,0
612,795.28,57.33,0.268,2.1,2.229,330.42,1
613,795.32,58.97,0.285,2.17,2.251,330.77,1
614,795.36,63.26,0.293,2.19,2.281,331.36,1
615,795.4,71.04,0.281,2.16,2.337,332.03,1
616,795.44,81.64,0.272,2.24,2.387,332.59,1
617,795.48,92.09,0.262,2.33,2.402,332.93,1
618,795.52,97.17,0.267,2.33,2.404,332.97,1
619,795.56,100.36,0.277,2.31,2.414,332.78,1
620,795.6,105.28,0.284,2.42,2.421,332.4,1
621,795.64,113.17,0.285,2.59,2.421,331.84,1
622,795.68,120.8,0.29,2.64,2.438,331.05,1
623,795.72,124.92,0.304,2.56,2.479,329.97,1
624,795.76,125.06,0.316,2.6,2.503,328.62,1
625,795.8,120.41,0.322,2.77,2.503,327.05,1
626,795.84,113.3,0.304,2.92,2.498,325.31,1
627,795.88,110.94,0.274,2.87,2.508,323.33,1
628,795.92,115.04,0.258,2.72,2.514,320.96,1
629,795.96,114.37,0.256,2.58,2.523,318.06,1
630,796.0,110.42,0.256,2.53,2.538,314.7,1
631,796.04,117.19,0.272,2.61,2.557,311.21,1
632,796.08,127.53,0.28,2.64,2.571,308.07,1
633,796.12,126.75,0.282,2.63,2.563,305.73,1
634,796.16,118.75,0.287,2.68,2.547,304.42,1
635,796.2,113.27,0.287,2.76,2.546,304.08,1
636,796.24,114.72,0.286,2.69,2.567,304.43,1
637,796.28,114.59,0.277,2.53,2.593,305.11,1
638,796.32,111.44,0.27,2.46,2.595,305.77,1
639,796.36,109.86,0.268,2.42,2.574,306.18,1
640,796.4,109.02,0.269,2.44,2.55,306.36,1
641,796.44,110.83,0.264,2.6,2.532,306.46,1
642,796.48,113.68,0.267,2.64,2.541,306.7,1
643,796.52,112.14,0.286,2.53,2.588,307.3,1
644,796.56,110.98,0.295,2.53,2.628,308.33,1
645,796.6,110.52,0.295,2.64,2.619,309.7,1
646,796.64,104.57,0.287,2.76,2.585,311.19,1
647,796.68,92.63,0.278,2.76,2.55,312.5,1
648,796.72,79.89,0.267,2.68,2.512,313.36,1
649,796.76,71.63,0.265,2.61,2.485,313.65,1
650,796.8,65.35,0.267,2.6,2.47,313.55,1
651,796.84,58.53,0.269,2.61,2.445,313.49,1
652,796.88,55.42,0.267,2.54,2.408,314.02,1
653,796.92,57.04,0.267,2.46,2.367,315.47,1
654,796.96,57.22,0.276,2.43,2.334,317.8,1
655,797.0,55.79,0.281,2.32,2.316,320.61,1
656,797.04,51.25,0.271,2.21,2.297,323.34,0
657,797.08,45.03,0.268,2.15,2.27,325.51,0
658,797.12,41.66,0.272,2.1,2.25,326.87,0
659,797.16,42.48,0.277,2.08,2.239,327.38,0
660,797.2,46.65,0.276,2.1,2.237,327.17,0
661,797.24,52.27,0.271,2.09,2.242,326.4,0
662,797.28,59.05,0.259,2.14,2.236,325.29,1
663,797.32,67.48,0.248,2.27,2.229,324.01,1
664,797.36,76.01,0.24,2.32,2.239,322.7,1
665,797.4,85.42,0.229,2.24,2.266,321.4,1
666,797.44,92.17,0.215,2.15,2.307,320.11,1
667,797.48,91.76,0.214,2.08,2.363,318.79,1
668,797.52,92.31,0.213,1.99,2.42,317.42,1
669,797.56,93.59,0.218,1.94,2.475,316.0,1
670,797.6,90.09,0.236,2.0,2.511,314.61,1
671,797.64,87.24,0.243,2.04,2.514,313.43,1
672,797.68,86.27,0.249,2.12,2.491,312.72,1
673,797.72,85.03,0.247,2.26,2.46,312.72,1
674,797.76,81.84,0.248,2.3,2.444,313.58,1
675,797.8,77.97,0.247,2.26,2.445,315.34,1
676,797.84,73.46,0.259,2.25,2.437,317.9,1
677,797.88,68.95,0.254,2.18,2.435,321.03,1
678,797.92,65.91,0.25,2.21,2.441,324.41,1
679,797.96,63.05,0.251,2.32,2.429,327.63,1
680,798.0,55.86,0.253,2.34,2.405,330.36,1
681,798.04,48.97,0.256,2.36,2.38,332.37,0
682,798.08,44.57,0.255,2.39,2.347,333.66,0
683,798.12,44.15,0.256,2.32,2.315,334.34,0
684,798.16,47.57,0.267,2.3,2.283,334.55,0
685,798.2,49.19,0.274,2.32,2.254,334.41,0
686,798.24,49.13,0.267,2.22,2.226,334.03,0
687,798.28,54.34,0.257,2.07,2.209,333.57,0
688,798.32,61.59,0.25,1.99,2.207,333.11,1
689,798.36,62.35,0.241,1.95,2.22,332.76,1
690,798.4,61.28,0.234,1.91,2.254,332.52,1
691,798.44,66.22,0.233,1.95,2.297,332.47,1
692,798.48,68.19,0.24,2.0,2.336,332.68,1
693,798.52,60.79,0.249,2.0,2.361,333.27,1
694,798.56,54.86,0.256,2.04,2.37,334.31,0
695,798.6,55.93,0.259,2.16,2.374,335.78,0
696,798.64,57.78,0.267,2.27,2.363,337.61,1
697,798.68,55.19,0.276,2.3,2.347,339.61,0
698,798.72,49.76,0.28,2.26,2.33,341.57,0
699,798.76,50.34,0.282,2.2,2.311,343.31,0
700,798.8,52.48,0.273,2.09,2.299,344.68,0
701,798.84,49.68,0.257,2.0,2.27,345.52,0
702,798.88,47.72,0.25,1.96,2.231,345.64,0
703,798.92,50.63,0.252,1.88,2.222,344.8,0
704,798.96,53.12,0.252,1.89,2.237,342.78,0
705,799.0,52.06,0.247,1.99,2.236,339.57,0
706,799.04,51.35,0.251,2.01,2.22,335.38,0
707,799.08,50.03,0.248,1.97,2.212,330.69,0
708,799.12,49.45,0.239,1.96,2.227,326.08,0
709,799.16,53.31,0.228,1.95,2.261,322.07,0
710,799.2,58.6,0.222,1.91,2.309,318.94,1
711,799.24,58.93,0.225,1.81,2.362,316.58,1
712,799.28,56.84,0.228,1.79,2.397,314.7,1
713,799.32,56.51,0.23,1.91,2.42,312.92,1
714,799.36,55.55,0.232,2.08,2.459,311.03,1
715,799.4,52.32,0.234,2.21,2.496,309.09,1
716,799.44,50.85,0.225,2.43,2.485,307.38,0
717,799.48,49.5,0.223,2.68,2.425,306.28,0
718,799.52,47.29,0.231,2.69,2.362,306.14,0
719,799.56,44.75,0.244,2.59,2.317,307.17,0
720,799.6,42.13,0.266,2.58,2.278,309.46,0
721,799.64,43.03,0.28,2.63,2.237,312.94,0
722,799.68,47.17,0.272,2.53,2.21,317.35,0
723,799.72,46.93,0.261,2.33,2.2,322.26,0
724,799.76,40.57,0.263,2.16,2.203,327.14,0
725,799.8,33.26,0.27,2.03,2.21,331.52,0
726,799.84,28.08,0.284,1.94,2.216,335.09,0
727,799.88,27.29,0.291,1.93,2.219,337.71,0
728,799.92,29.31,0.312,1.97,2.213,339.44,0
729,799.96,29.84,0.316,1.97,2.192,340.37,0
730,800.0,27.37,0.318,1.91,2.15,340.71,0
731,800.04,21.82,0.301,1.87,2.113,340.65,0
732,800.08,19.9,0.293,1.83,2.104,340.38,0
733,800.12,22.94,0.286,1.77,2.116,340.14,0
734,800.16,26.75,0.291,1.75,2.128,340.0,0
735,800.2,28.93,0.288,1.78,2.132,340.03,0
736,800.24,29.34,0.288,1.79,2.141,340.15,0
737,800.28,28.2,0.283,1.79,2.153,340.25,0
738,800.32,26.21,0.27,1.81,2.155,340.16,0
739,800.36,25.32,0.265,1.85,2.154,339.67,0
740,800.4,25.35,0.26,1.9,2.152,338.68,0
741,800.44,26.3,0.254,1.91,2.157,337.11,0
742,800.48,32.24,0.245,1.89,2.162,335.09,0
743,800.52,41.61,0.246,1.93,2.156,332.81,0
744,800.56,50.83,0.245,1.98,2.148,330.47,0
745,800.6,54.51,0.245,1.97,2.151,328.19,0
746,800.64,53.89,0.247,1.95,2.174,326.01,0
747,800.68,56.92,0.248,1.94,2.219,323.93,1
748,800.72,62.19,0.246,1.94,2.278,321.96,1
749,800.76,61.65,0.239,1.97,2.321,320.11,1
750,800.8,61.3,0.236,1.99,2.346,318.37,1
751,800.84,63.25,0.237,2.0,2.377,316.74,1
752,800.88,66.34,0.245,2.16,2.409,315.19,1
753,800.92,66.58,0.256,2.45,2.422,313.76,1
754,800.96,66.71,0.256,2.62,2.415,312.46,1
755,801.0,67.22,0.253,2.68,2.406,311.26,1
756,801.04,68.99,0.254,2.61,2.409,310.15,1
757,801.08,72.02,0.252,2.46,2.411,309.07,1
758,801.12,70.48,0.25,2.32,2.401,308.08,1
759,801.16,66.28,0.237,2.29,2.386,307.26,1
760,801.2,65.1,0.227,2.3,2.383,306.68,1
761,801.24,67.91,0.235,2.26,2.401,306.35,1
762,801.28,73.39,0.243,2.23,2.417,306.22,1
763,801.32,75.01,0.246,2.27,2.4,306.25,1
764,801.36,73.63,0.242,2.32,2.385,306.42,1
765,801.4,74.07,0.244,2.34,2.4,306.72,1
766,801.44,77.75,0.249,2.39,2.423,307.21,1
767,801.48,85.13,0.254,2.44,2.443,307.84,1
768,801.52,93.43,0.249,2.43,2.454,308.52,1
769,801.56,97.65,0.25,2.38,2.455,309.09,1
770,801.6,98.47,0.244,2.37,2.452,309.47,1
771,801.64,97.88,0.243,2.44,2.451,309.69,1
772,801.68,91.44,0.24,2.51,2.462,309.88,1
773,801.72,85.4,0.242,2.57,2.488,310.18,1
774,801.76,89.32,0.25,2.72,2.49,310.68,1
775,801.8,100.31,0.26,2.86,2.469,311.36,1
776,801.84,103.26,0.256,2.89,2.45,312.17,1
777,801.88,102.0,0.252,2.87,2.443,313.1,1
778,801.92,101.51,0.259,2.84,2.448,314.18,1
779,801.96,100.34,0.268,2.85,2.465,315.39,1
780,802.0,99.88,0.272,2.79,2.488,316.71,1
781,802.04,100.35,0.271,2.73,2.513,318.04,1
782,802.08,100.48,0.271,2.74,2.523,319.31,1
783,802.12,106.23,0.271,2.82,2.511,320.48,1
784,802.16,108.09,0.275,2.85,2.501,321.6,1
785,802.2,101.89,0.277,2.84,2.497,322.68,1
786,802.24,98.98,0.286,2.83,2.497,323.74,1
787,802.28,104.33,0.29,2.86,2.499,324.76,1
788,802.32,109.23,0.289,2.93,2.49,325.8,1
789,802.36,109.05,0.296,2.89,2.49,326.91,1
790,802.4,105.65,0.302,2.69,2.521,328.19,1
791,802.44,111.6,0.314,2.56,2.553,329.78,1
792,802.48,120.47,0.319,2.67,2.549,331.8,1
793,802.52,121.72,0.329,2.77,2.541,334.29,1
794,802.56,119.37,0.332,2.75,2.547,337.15,1
795,802.6,116.88,0.334,2.73,2.553,340.17,1
796,802.64,114.28,0.334,2.83,2.542,343.12,1
797,802.68,111.99,0.336,2.99,2.506,345.78,1
798,802.72,108.89,0.336,3.0,2.476,348.03,1
799,802.76,110.84,0.337,2.88,2.493,349.84,1
800,802.8,116.28,0.331,2.73,2.549,351.19,1
801,802.84,116.47,0.322,2.69,2.587,351.99,1
802,802.88,110.41,0.313,2.77,2.59,352.18,1
803,802.92,102.66,0.314,2.86,2.574,351.63,1
804,802.96,99.45,0.308,3.0,2.559,350.38,1
805,803.0,104.59,0.297,3.21,2.565,348.48,1
806,803.04,107.9,0.298,3.48,2.593,346.09,1
807,803.08,104.45,0.292,3.79,2.613,343.3,1
808,803.12,100.98,0.284,3.93,2.588,340.15,1
809,803.16,97.66,0.272,3.67,2.552,336.63,1
810,803.2,91.6,0.271,3.41,2.542,332.83,1
811,803.24,82.52,0.283,3.25,2.542,328.89,1
812,803.28,73.17,0.292,3.23,2.548,325.01,1
813,803.32,67.43,0.285,3.33,2.567,321.19,1
814,803.36,64.31,0.262,3.47,2.573,317.28,1
815,803.4,63.52,0.247,3.46,2.586,313.0,1
816,803.44,65.12,0.229,3.45,2.626,308.14,1
817,803.48,68.16,0.216,3.98,2.656,302.66,1
818,803.52,69.88,0.215,4.88,2.65,296.72,1
819,803.56,69.05,0.222,5.46,2.637,290.6,1
820,803.6,65.74,0.217,5.09,2.639,284.54,1
821,803.64,62.28,0.202,4.46,2.681,278.74,1
822,803.68,59.85,0.185,4.35,2.736,273.27,3
823,803.72,57.18,0.17,4.59,2.737,268.08,3
824,803.76,53.77,0.161,4.57,2.677,262.98,3
825,803.8,49.74,0.159,4.04,2.636,257.73,3
826,803.84,45.55,0.148,3.62,2.654,252.09,3
827,803.88,42.29,0.131,3.61,2.685,245.95,3
828,803.92,38.84,0.114,3.9,2.701,239.34,3
829,803.96,35.91,0.099,4.3,2.71,232.42,3
830,804.0,35.2,0.087,4.68,2.712,225.49,3
831,804.04,35.03,0.078,4.8,2.711,218.91,3
832,804.08,35.24,0.07,4.77,2.708,213.0,3
833,804.12,35.24,0.066,4.74,2.711,207.9,3
834,804.16,35.84,0.064,4.78,2.712,203.5,3
835,804.2,33.64,0.062,4.99,2.712,199.57,3
836,804.24,30.19,0.06,5.2,2.715,195.9,3
837,804.28,28.12,0.055,5.37,2.701,192.54,3
838,804.32,27.22,0.05,5.34,2.69,189.75,3
839,804.36,28.02,0.048,5.14,2.697,187.85,3
840,804.4,28.52,0.045,5.18,2.68,187.04,3
841,804.44,29.4,0.047,5.45,2.629,187.31,3
842,804.48,30.21,0.048,5.57,2.587,188.5,3
843,804.52,30.98,0.051,5.11,2.599,190.5,3
844,804.56,31.22,0.058,4.7,2.629,193.26,3
845,804.6,33.13,0.064,4.79,2.629,196.74,3
846,804.64,37.45,0.07,5.11,2.61,200.85,3
847,804.68,43.39,0.077,5.08,2.622,205.46,3
848,804.72,49.03,0.084,4.92,2.663,210.34,3
849,804.76,54.47,0.094,4.96,2.697,215.28,3
850,804.8,61.51,0.104,5.27,2.697,220.18,3
851,804.84,64.15,0.113,5.73,2.672,225.01,3
852,804.88,64.05,0.122,5.68,2.648,229.78,3
853,804.92,63.99,0.13,5.09,2.648,234.45,3
854,804.96,63.15,0.136,4.62,2.664,239.0,3
855,805.0,60.99,0.147,4.55,2.669,243.47,3
856,805.04,58.93,0.16,4.45,2.66,247.98,3
857,805.08,56.22,0.178,4.21,2.645,252.7,3
858,805.12,53.01,0.196,3.86,2.639,257.69,3
859,805.16,50.35,0.211,3.6,2.643,262.83,3
860,805.2,49.59,0.215,3.68,2.625,267.86,3
861,805.24,52.16,0.21,3.84,2.596,272.54,3
862,805.28,56.46,0.209,3.91,2.576,276.75,1
863,805.32,63.02,0.217,4.1,2.553,280.51,1
864,805.36,73.47,0.214,4.37,2.528,284.0,1
865,805.4,83.55,0.212,4.42,2.505,287.53,1
866,805.44,87.56,0.217,4.36,2.493,291.56,1
867,805.48,84.85,0.236,4.15,2.514,296.52,1
868,805.52,87.0,0.261,3.7,2.551,302.72,1
869,805.56,92.18,0.288,3.29,2.559,310.2,1
870,805.6,94.3,0.31,3.01,2.552,318.59,1
871,805.64,93.58,0.331,2.95,2.556,327.22,1
872,805.68,93.54,0.348,3.06,2.554,335.24,1
873,805.72,96.99,0.37,3.2,2.535,341.93,1
874,805.76,99.01,0.388,3.21,2.517,346.9,1
875,805.8,97.29,0.403,3.09,2.492,350.1,1
876,805.84,95.89,0.405,3.19,2.44,351.83,1
877,805.88,93.04,0.371,3.4,2.391,352.46,1
878,805.92,84.75,0.342,3.57,2.372,352.19,1
879,805.96,83.33,0.321,3.77,2.365,350.93,1
880,806.0,89.98,0.313,3.81,2.35,348.48,1
881,806.04,92.17,0.317,3.63,2.33,344.63,1
882,806.08,87.88,0.331,3.48,2.314,339.44,1
883,806.12,83.29,0.354,3.37,2.289,333.24,1
884,806.16,82.26,0.381,3.21,2.285,326.54,1
885,806.2,81.06,0.375,3.05,2.336,319.84,1
886,806.24,78.42,0.338,3.01,2.426,313.42,1
887,806.28,78.25,0.306,3.01,2.492,307.4,1
888,806.32,77.45,0.278,3.0,2.516,301.72,1
889,806.36,78.45,0.253,3.01,2.542,296.39,1
890,806.4,75.39,0.227,3.12,2.575,291.57,1
891,806.44,68.98,0.206,3.29,2.617,287.57,1
892,806.48,67.87,0.192,3.48,2.658,284.66,1
893,806.52,75.46,0.184,3.73,2.65,283.03,1
894,806.56,83.12,0.186,3.91,2.62,282.72,1
895,806.6,86.19,0.198,3.9,2.593,283.58,1
896,806.64,92.44,0.213,3.7,2.579,285.33,1
897,806.68,98.18,0.225,3.56,2.575,287.53,1
898,806.72,95.83,0.238,3.44,2.574,289.88,1
899,806.76,93.44,0.251,3.18,2.566,292.16,1
900,806.8,96.09,0.26,3.01,2.548,294.38,1
901,806.84,100.95,0.272,2.99,2.522,296.52,1
902,806.88,101.9,0.272,2.95,2.504,298.56,1
903,806.92,99.27,0.263,2.9,2.493,300.27,1
904,806.96,100.07,0.26,2.83,2.485,301.39,1
905,807.0,101.52,0.256,2.7,2.481,301.68,1
906,807.04,97.82,0.251,2.56,2.49,301.06,1
907,807.08,94.02,0.249,2.44,2.512,299.66,1
908,807.12,93.75,0.24,2.39,2.525,297.67,1
909,807.16,95.04,0.228,2.49,2.534,295.35,1
910,807.2,98.34,0.215,2.72,2.55,292.95,1
911,807.24,101.69,0.204,2.88,2.541,290.74,1
912,807.28,99.42,0.203,2.81,2.524,288.96,1
913,807.32,92.1,0.215,2.68,2.528,287.82,1
914,807.36,87.69,0.233,2.7,2.546,287.51,1
915,807.4,85.16,0.239,2.76,2.546,288.08,1
916,807.44,82.75,0.237,2.78,2.53,289.5,1
917,807.48,81.28,0.238,2.78,2.505,291.59,1
918,807.52,77.11,0.239,2.81,2.475,294.14,1
919,807.56,75.64,0.231,2.65,2.455,296.9,1
920,807.6,77.69,0.23,2.5,2.442,299.69,1
921,807.64,77.01,0.243,2.49,2.43,302.33,1
922,807.68,74.96,0.253,2.45,2.432,304.64,1
923,807.72,71.52,0.253,2.37,2.418,306.48,1
924,807.76,66.29,0.249,2.38,2.377,307.72,1
925,807.8,66.0,0.245,2.38,2.351,308.35,1
926,807.84,72.07,0.249,2.37,2.353,308.44,1
927,807.88,76.21,0.249,2.28,2.371,308.19,1
928,807.92,76.41,0.251,2.32,2.38,307.76,1
929,807.96,76.65,0.25,2.5,2.37,307.36,1
930,808.0,74.31,0.254,2.52,2.375,307.05,1
931,808.04,68.54,0.249,2.37,2.402,306.84,1
932,808.08,65.54,0.235,2.25,2.437,306.62,1
933,808.12,66.65,0.224,2.23,2.457,306.35,1
934,808.16,63.95,0.215,2.29,2.456,306.08,1
935,808.2,63.37,0.221,2.39,2.449,305.92,1
936,808.24,66.05,0.227,2.41,2.459,306.0,1
937,808.28,67.16,0.229,2.32,2.472,306.37,1
938,808.32,67.45,0.235,2.32,2.457,307.02,1
939,808.36,67.22,0.226,2.42,2.407,307.81,1
940,808.4,67.07,0.224,2.44,2.362,308.59,1
941,808.44,67.14,0.23,2.42,2.341,309.24,1
942,808.48,66.33,0.235,2.4,2.326,309.64,1
943,808.52,61.99,0.244,2.37,2.312,309.82,1
944,808.56,55.84,0.252,2.37,2.302,309.83,1
945,808.6,55.61,0.249,2.32,2.298,309.78,1
946,808.64,62.01,0.246,2.23,2.305,309.78,1
947,808.68,66.23,0.241,2.19,2.325,309.91,1
948,808.72,70.32,0.237,2.21,2.342,310.25,1
949,808.76,76.52,0.23,2.22,2.364,310.84,1
950,808.8,76.09,0.221,2.27,2.398,311.61,1
951,808.84,71.71,0.22,2.31,2.423,312.51,1
952,808.88,70.57,0.221,2.3,2.423,313.48,1
953,808.92,72.2,0.236,2.4,2.391,314.5,1
954,808.96,71.92,0.247,2.53,2.356,315.67,1
955,809.0,71.07,0.243,2.51,2.331,317.03,1
956,809.04,67.8,0.247,2.39,2.312,318.56,1
957,809.08,62.94,0.253,2.29,2.305,320.21,1
958,809.12,59.95,0.254,2.21,2.302,321.87,1
959,809.16,57.25,0.253,2.17,2.288,323.48,1
960,809.2,57.3,0.26,2.04,2.281,324.97,1
961,809.24,58.91,0.259,1.93,2.288,326.25,1
962,809.28,57.36,0.259,1.98,2.301,327.2,1
963,809.32,56.9,0.254,2.13,2.305,327.66,1
964,809.36,58.4,0.241,2.32,2.286,327.57,1
965,809.4,60.81,0.234,2.39,2.266,326.95,1
966,809.44,61.78,0.23,2.31,2.27,325.9,1
967,809.48,60.38,0.242,2.19,2.282,324.54,1
968,809.52,60.78,0.256,2.1,2.276,322.97,1
969,809.56,62.75,0.253,2.02,2.261,321.29,1
970,809.6,61.02,0.243,1.99,2.258,319.65,1
971,809.64,59.44,0.233,1.99,2.271,318.17,1
972,809.68,59.93,0.23,2.03,2.277,316.91,1
973,809.72,62.38,0.24,2.05,2.269,315.85,1
974,809.76,65.96,0.255,1.99,2.269,314.83,1
975,809.8,67.7,0.255,2.02,2.273,313.73,1
976,809.84,68.01,0.252,2.11,2.282,312.51,1
977,809.88,67.94,0.242,2.15,2.282,311.23,1
978,809.92,74.13,0.236,2.12,2.268,309.95,1
979,809.96,84.31,0.231,2.1,2.252,308.72,1
980,810.0,88.9,0.227,2.08,2.26,307.55,1
981,810.04,82.59,0.225,2.1,2.286,306.45,1
982,810.08,76.53,0.234,2.2,2.311,305.48,1
983,810.12,74.67,0.246,2.32,2.339,304.65,1
984,810.16,73.33,0.251,2.27,2.367,303.97,1
985,810.2,73.71,0.252,2.13,2.376,303.42,1
986,810.24,72.4,0.25,2.08,2.372,302.95,1
987,810.28,66.74,0.249,2.11,2.373,302.53,1
988,810.32,65.89,0.249,2.22,2.384,302.12,1
989,810.36,72.4,0.256,2.36,2.395,301.72,1
990,810.4,79.1,0.267,2.44,2.392,301.35,1
991,810.44,80.6,0.268,2.42,2.378,301.09,1
992,810.48,78.04,0.266,2.33,2.357,301.0,1
993,810.52,76.59,0.265,2.19,2.344,301.1,1
994,810.56,76.45,0.261,2.13,2.34,301.31,1
995,810.6,78.44,0.256,2.15,2.347,301.57,1
996,810.64,80.76,0.265,2.21,2.355,301.87,1
997,810.68,79.8,0.267,2.2,2.368,302.21,1
998,810.72,75.36,0.271,2.15,2.383,302.63,1
999,810.76,70.35,0.281,2.19,2.379,303.13,1
1000,810.8,68.32,0.287,2.27,2.366,303.7,1
1001,810.84,67.34,0.283,2.29,2.354,304.32,1
1002,810.88,62.59,0.276,2.2,2.354,305.07,1
1003,810.92,54.17,0.275,2.13,2.352,306.0,1
1004,810.96,46.48,0.276,2.18,2.32,307.16,0
1005,811.0,40.58,0.274,2.27,2.279,308.53,0
1006,811.04,35.61,0.277,2.27,2.263,309.99,0
1007,811.08,29.49,0.278,2.27,2.254,311.43,0
1008,811.12,24.51,0.279,2.25,2.23,312.83,0
1009,811.16,24.14,0.271,2.11,2.204,314.28,0
1010,811.2,25.12,0.26,1.87,2.194,315.9,0
1011,811.24,24.54,0.259,1.71,2.193,317.74,0
1012,811.28,24.08,0.264,1.73,2.188,319.68,0
1013,811.32,25.55,0.265,1.85,2.187,321.46,0
1014,811.36,26.52,0.266,1.91,2.183,322.84,0
1015,811.4,27.42,0.262,1.86,2.185,323.71,0
1016,811.44,28.07,0.267,1.8,2.195,324.09,0
1017,811.48,27.76,0.275,1.8,2.208,324.17,0
1018,811.52,26.31,0.289,1.83,2.207,324.09,0
1019,811.56,24.59,0.29,1.82,2.202,324.02,0
1020,811.6,24.34,0.283,1.76,2.204,324.09,0
1021,811.64,24.01,0.281,1.73,2.205,324.32,0
1022,811.68,24.73,0.281,1.73,2.204,324.67,0
1023,811.72,26.13,0.28,1.7,2.205,325.03,0
1024,811.76,25.27,0.276,1.66,2.2,325.29,0
1025,811.8,20.56,0.279,1.66,2.191,325.39,0
1026,811.84,16.66,0.286,1.66,2.184,325.39,0
1027,811.88,18.68,0.282,1.73,2.166,325.39,0
1028,811.92,20.98,0.276,1.79,2.154,325.48,0
1029,811.96,21.07,0.274,1.77,2.156,325.68,0
1030,812.0,23.29,0.282,1.74,2.165,325.91,0
1031,812.04,23.84,0.292,1.71,2.179,326.07,0
1032,812.08,20.77,0.301,1.7,2.186,326.07,0
1033,812.12,18.87,0.296,1.75,2.177,325.94,0
1034,812.16,20.45,0.281,1.77,2.174,325.76,0
1035,812.2,20.25,0.266,1.72,2.184,325.62,0
1036,812.24,17.87,0.255,1.63,2.197,325.52,0
1037,812.28,18.09,0.252,1.63,2.189,325.38,0
1038,812.32,22.33,0.262,1.69,2.167,325.16,0
1039,812.36,25.64,0.261,1.7,2.156,324.85,0
1040,812.4,26.48,0.263,1.69,2.161,324.54,0
1041,812.44,29.59,0.263,1.7,2.172,324.33,0
1042,812.48,30.27,0.263,1.67,2.181,324.28,0
1043,812.52,26.48,0.267,1.66,2.182,324.37,0
1044,812.56,23.43,0.27,1.73,2.182,324.53,0
1045,812.6,23.83,0.273,1.82,2.182,324.68,0
1046,812.64,24.8,0.276,1.83,2.18,324.83,0
1047,812.68,24.87,0.287,1.77,2.186,325.06,0
1048,812.72,26.15,0.291,1.71,2.188,325.48,0
1049,812.76,26.6,0.297,1.71,2.184,326.09,0
1050,812.8,25.92,0.302,1.76,2.175,326.81,0
1051,812.84,24.67,0.302,1.8,2.165,327.48,0
1052,812.88,22.58,0.292,1.8,2.163,327.94,0
1053,812.92,21.22,0.282,1.79,2.169,328.11,0
1054,812.96,21.77,0.273,1.75,2.182,327.94,0
1055,813.0,20.6,0.277,1.75,2.191,327.52,0
1056,813.04,17.3,0.271,1.76,2.203,326.97,0
1057,813.08,15.45,0.274,1.76,2.207,326.43,0
1058,813.12,17.25,0.275,1.74,2.212,326.0,0
1059,813.16,20.71,0.28,1.75,2.223,325.68,0
1060,813.2,25.17,0.276,1.82,2.222,325.42,0
1061,813.24,30.48,0.27,1.88,2.217,325.15,0
1062,813.28,36.67,0.263,1.83,2.212,324.81,0
1063,813.32,39.97,0.265,1.7,2.203,324.34,0
1064,813.36,38.05,0.27,1.66,2.199,323.71,0
1065,813.4,37.58,0.265,1.69,2.201,322.87,0
1066,813.44,38.95,0.26,1.73,2.202,321.89,0
1067,813.48,39.86,0.262,1.76,2.202,320.91,0
1068,813.52,39.92,0.262,1.76,2.21,320.19,0
1069,813.56,41.94,0.262,1.77,2.219,319.94,0
1070,813.6,45.88,0.255,1.83,2.216,320.25,0
1071,813.64,45.01,0.26,1.86,2.215,320.99,0
1072,813.68,41.12,0.261,1.83,2.227,321.9,0
1073,813.72,39.9,0.261,1.79,2.25,322.64,0
1074,813.76,41.57,0.259,1.77,2.276,322.98,0
1075,813.8,42.88,0.266,1.8,2.283,322.83,0
1076,813.84,39.2,0.267,1.84,2.272,322.29,0
1077,813.88,38.05,0.26,1.87,2.261,321.64,0
1078,813.92,42.42,0.268,1.96,2.256,321.16,0
1079,813.96,47.81,0.271,2.03,2.248,321.12,0
1080,814.0,54.96,0.259,1.99,2.232,321.6,1
1081,814.04,61.43,0.25,1.91,2.226,322.59,1
1082,814.08,57.16,0.255,1.87,2.229,323.87,1
1083,814.12,47.43,0.262,1.91,2.235,325.22,0
1084,814.16,41.68,0.269,1.99,2.239,326.39,0
1085,814.2,38.93,0.279,2.08,2.236,327.17,0
1086,814.24,34.07,0.284,2.18,2.229,327.45,0
1087,814.28,31.86,0.289,2.19,2.224,327.25,0
1088,814.32,31.78,0.294,2.04,2.222,326.71,0
1089,814.36,28.6,0.292,1.85,2.213,325.97,0
1090,814.4,25.05,0.281,1.78,2.202,325.2,0
1091,814.44,23.84,0.275,1.77,2.198,324.49,0
1092,814.48,24.61,0.283,1.77,2.19,323.84,0
1093,814.52,26.67,0.289,1.79,2.182,323.25,0
1094,814.56,29.45,0.296,1.82,2.176,322.66,0
1095,814.6,31.32,0.295,1.82,2.179,322.04,0
1096,814.64,29.54,0.291,1.79,2.188,321.34,0
1097,814.68,26.88,0.292,1.72,2.191,320.61,0
1098,814.72,26.53,0.301,1.68,2.195,319.99,0
1099,814.76,27.28,0.298,1.68,2.193,319.64,0
1100,814.8,26.51,0.29,1.67,2.18,319.62,0
1101,814.84,25.46,0.277,1.65,2.168,319.91,0
1102,814.88,24.75,0.268,1.68,2.161,320.31,0
1103,814.92,23.28,0.261,1.7,2.17,320.6,0
1104,814.96,22.87,0.263,1.67,2.186,320.65,0
1105,815.0,23.47,0.271,1.68,2.186,320.48,0
1106,815.04,25.6,0.275,1.73,2.175,320.19,0
1107,815.08,26.62,0.284,1.8,2.159,319.92,0
1108,815.12,29.39,0.289,1.82,2.151,319.74,0
1109,815.16,33.03,0.281,1.78,2.151,319.62,0
1110,815.2,31.37,0.281,1.73,2.161,319.45,0
1111,815.24,28.83,0.283,1.71,2.173,319.18,0
1112,815.28,29.48,0.286,1.71,2.172,318.77,0
1113,815.32,29.57,0.289,1.71,2.17,318.35,0
1114,815.36,27.63,0.291,1.72,2.181,318.01,0
1115,815.4,27.13,0.293,1.71,2.195,317.79,0
1116,815.44,26.21,0.288,1.72,2.197,317.6,0
1117,815.48,22.63,0.277,1.77,2.18,317.3,0
1118,815.52,22.69,0.277,1.8,2.162,316.8,0
1119,815.56,26.66,0.276,1.82,2.161,316.18,0
1120,815.6,26.96,0.281,1.83,2.177,315.58,0
1121,815.64,25.62,0.285,1.82,2.191,315.15,0
1122,815.68,26.14,0.273,1.8,2.185,314.93,0
1123,815.72,27.15,0.269,1.74,2.171,314.84,0
1124,815.76,25.24,0.263,1.71,2.153,314.78,0
1125,815.8,23.89,0.263,1.7,2.147,314.68,0
1126,815.84,25.0,0.26,1.72,2.157,314.56,0
1127,815.88,26.14,0.263,1.76,2.169,314.48,0
1128,815.92,24.11,0.275,1.79,2.177,314.54,0
1129,815.96,23.82,0.287,1.79,2.182,314.78,0
1130,816.0,26.25,0.292,1.77,2.188,315.3,0
1131,816.04,25.0,0.29,1.72,2.193,316.17,0
1132,816.08,21.13,0.282,1.7,2.19,317.44,0
1133,816.12,19.81,0.269,1.75,2.183,319.11,0
1134,816.16,22.05,0.267,1.76,2.189,321.01,0
1135,816.2,24.48,0.256,1.73,2.195,322.88,0
1136,816.24,25.79,0.255,1.69,2.2,324.36,0
1137,816.28,27.25,0.259,1.66,2.212,325.19,0
1138,816.32,28.72,0.265,1.64,2.22,325.28,0
1139,816.36,26.49,0.265,1.64,2.22,324.7,0
1140,816.4,20.6,0.267,1.67,2.217,323.66,0
1141,816.44,18.84,0.266,1.69,2.203,322.36,0
1142,816.48,22.97,0.268,1.69,2.193,320.98,0
1143,816.52,25.8,0.27,1.72,2.192,319.54,0
1144,816.56,26.24,0.264,1.79,2.192,318.09,0
1145,816.6,27.0,0.259,1.87,2.187,316.59,0
1146,816.64,28.67,0.259,1.84,2.191,315.18,0
1147,816.68,29.58,0.262,1.72,2.216,313.95,0
1148,816.72,27.95,0.257,1.63,2.252,313.05,0
1149,816.76,24.5,0.26,1.63,2.273,312.51,0
1150,816.8,21.72,0.259,1.66,2.262,312.2,0
1151,816.84,21.83,0.269,1.68,2.247,311.93,0
1152,816.88,22.33,0.275,1.73,2.246,311.59,0
1153,816.92,22.02,0.283,1.77,2.251,311.18,0
1154,816.96,24.2,0.284,1.79,2.253,310.78,0
1155,817.0,28.01,0.281,1.78,2.239,310.52,0
1156,817.04,28.37,0.275,1.73,2.221,310.45,0
1157,817.08,26.17,0.273,1.66,2.213,310.59,0
1158,817.12,24.05,0.267,1.64,2.206,310.96,0
1159,817.16,22.45,0.265,1.71,2.189,311.6,0
1160,817.2,21.37,0.262,1.78,2.175,312.51,0
1161,817.24,21.79,0.272,1.8,2.169,313.62,0
1162,817.28,22.12,0.284,1.78,2.165,314.8,0
1163,817.32,21.8,0.296,1.71,2.168,315.89,0
1164,817.36,22.14,0.294,1.65,2.173,316.84,0
1165,817.4,22.32,0.286,1.61,2.174,317.7,0
1166,817.44,19.71,0.281,1.61,2.174,318.56,0
1167,817.48,18.39,0.278,1.63,2.174,319.56,0
1168,817.52,18.04,0.279,1.64,2.166,320.68,0
1169,817.56,18.85,0.277,1.64,2.158,321.78,0
1170,817.6,21.14,0.28,1.67,2.153,322.64,0
1171,817.64,21.26,0.278,1.7,2.148,323.14,0
1172,817.68,18.77,0.276,1.71,2.144,323.27,0
1173,817.72,17.78,0.28,1.68,2.144,323.14,0
1174,817.76,19.63,0.278,1.65,2.147,322.9,0
1175,817.8,20.77,0.277,1.65,2.141,322.65,0
1176,817.84,18.9,0.271,1.63,2.141,322.45,0
1177,817.88,17.17,0.261,1.65,2.145,322.28,0
1178,817.92,17.43,0.249,1.71,2.143,322.12,0
1179,817.96,18.83,0.248,1.7,2.149,321.93,0
1180,818.0,20.12,0.26,1.67,2.157,321.73,0
1181,818.04,21.36,0.269,1.7,2.155,321.48,0
1182,818.08,22.46,0.273,1.8,2.144,321.13,0
1183,818.12,23.61,0.274,1.93,2.139,320.68,0
1184,818.16,24.65,0.271,1.96,2.147,320.12,0
1185,818.2,25.67,0.265,1.88,2.158,319.5,0
1186,818.24,25.13,0.259,1.76,2.163,318.87,0
1187,818.28,24.43,0.269,1.68,2.165,318.27,0
1188,818.32,23.51,0.283,1.66,2.157,317.73,0
1189,818.36,20.88,0.286,1.67,2.14,317.3,0
1190,818.4,19.65,0.287,1.68,2.136,317.02,0
1191,818.44,20.79,0.286,1.63,2.155,316.86,0
1192,818.48,21.23,0.278,1.59,2.171,316.73,0
1193,818.52,20.93,0.265,1.6,2.169,316.47,0
1194,818.56,23.04,0.252,1.61,2.164,316.0,0
1195,818.6,25.93,0.253,1.63,2.155,315.35,0
1196,818.64,25.56,0.262,1.65,2.145,314.71,0
1197,818.68,22.66,0.266,1.67,2.153,314.28,0
1198,818.72,20.63,0.263,1.66,2.177,314.14,0
1199,818.76,21.02,0.253,1.62,2.191,314.24,0
1200,818.8,21.62,0.251,1.62,2.181,314.42,0
1201,818.84,20.27,0.251,1.66,2.162,314.46,0
1202,818.88,17.88,0.255,1.7,2.153,314.24,0
1203,818.92,18.28,0.253,1.7,2.169,313.77,0
1204,818.96,20.64,0.254,1.64,2.193,313.16,0
1205,819.0,20.56,0.259,1.65,2.197,312.56,0
1206,819.04,18.95,0.263,1.71,2.185,312.09,0
1207,819.08,18.52,0.267,1.68,2.179,311.76,0
1208,819.12,20.14,0.261,1.61,2.177,311.46,0
1209,819.16,23.55,0.256,1.62,2.172,311.09,0
1210,819.2,25.22,0.252,1.66,2.173,310.56,0
1211,819.24,25.67,0.26,1.65,2.179,309.9,0
1212,819.28,25.39,0.276,1.65,2.179,309.21,0
1213,819.32,23.84,0.274,1.73,2.164,308.59,0
1214,819.36,22.02,0.269,1.8,2.149,308.09,0
1215,819.4,19.13,0.263,1.81,2.15,307.69,0
1216,819.44,16.93,0.259,1.77,2.162,307.35,0
1217,819.48,16.89,0.255,1.67,2.178,307.05,0
1218,819.52,18.46,0.248,1.58,2.185,306.79,0
1219,819.56,20.81,0.247,1.59,2.175,306.6,0
1220,819.6,21.1,0.251,1.62,2.173,306.52,0
1221,819.64,20.36,0.255,1.61,2.178,306.53,0
1222,819.68,20.95,0.263,1.54,2.192,306.58,0
1223,819.72,23.68,0.267,1.48,2.205,306.66,0
1224,819.76,24.08,0.266,1.52,2.191,306.73,0
1225,819.8,21.23,0.263,1.6,2.174,306.81,0
1226,819.84,19.29,0.27,1.66,2.173,306.94,0
1227,819.88,20.14,0.269,1.67,2.174,307.17,0
1228,819.92,21.98,0.254,1.63,2.172,307.61,0
1229,819.96,22.84,0.252,1.61,2.173,308.34,0
1230,820.0,21.73,0.253,1.61,2.174,309.42,0
1231,820.04,21.56,0.254,1.65,2.171,310.81,0
1232,820.08,22.66,0.256,1.7,2.171,312.35,0
1233,820.12,21.76,0.262,1.68,2.178,313.82,0
1234,820.16,19.26,0.268,1.65,2.176,315.02,0
1235,820.2,20.22,0.274,1.69,2.154,315.86,0
1236,820.24,22.1,0.282,1.72,2.144,316.41,0
1237,820.28,20.29,0.278,1.69,2.15,316.83,0
1238,820.32,17.76,0.277,1.69,2.144,317.36,0
1239,820.36,17.55,0.273,1.75,2.13,318.2,0
1240,820.4,18.57,0.272,1.77,2.12,319.35,0
1241,820.44,20.93,0.272,1.73,2.122,320.66,0
1242,820.48,23.16,0.268,1.66,2.14,321.77,0
1243,820.52,21.2,0.268,1.6,2.158,322.3,0
1244,820.56,19.55,0.264,1.57,2.166,322.05,0
1245,820.6,19.26,0.27,1.59,2.165,321.13,0
1246,820.64,18.67,0.28,1.6,2.168,319.9,0
1247,820.68,20.45,0.279,1.58,2.177,318.76,0
1248,820.72,22.98,0.279,1.57,2.187,317.93,0
1249,820.76,23.63,0.277,1.6,2.195,317.46,0
1250,820.8,22.52,0.275,1.64,2.195,317.24,0
1251,820.84,21.18,0.273,1.67,2.188,317.15,0
1252,820.88,19.11,0.27,1.68,2.175,317.14,0
1253,820.92,18.07,0.262,1.69,2.153,317.13,0
1254,820.96,17.96,0.255,1.69,2.142,317.09,0
1255,821.0,19.72,0.255,1.66,2.15,316.94,0
1256,821.04,22.34,0.259,1.63,2.161,316.62,0
1257,821.08,22.7,0.266,1.65,2.159,316.17,0
1258,821.12,22.27,0.266,1.69,2.16,315.65,0
1259,821.16,23.3,0.261,1.71,2.167,315.17,0
1260,821.2,23.57,0.264,1.73,2.168,314.79,0
1261,821.24,21.36,0.259,1.77,2.166,314.53,0
1262,821.28,19.18,0.266,1.82,2.176,314.32,0
1263,821.32,18.42,0.274,1.81,2.189,314.08,0
1264,821.36,18.56,0.273,1.73,2.194,313.74,0
1265,821.4,19.37,0.273,1.65,2.189,313.33,0
1266,821.44,20.33,0.27,1.65,2.169,312.99,0
1267,821.48,20.69,0.268,1.71,2.156,312.85,0
1268,821.52,22.32,0.264,1.72,2.171,313.0,0
1269,821.56,23.88,0.265,1.7,2.182,313.38,0
1270,821.6,22.85,0.273,1.7,2.177,313.9,0
1271,821.64,20.71,0.28,1.68,2.177,314.46,0
1272,821.68,19.54,0.279,1.69,2.177,315.04,0
1273,821.72,19.3,0.277,1.7,2.17,315.6,0
1274,821.76,19.09,0.275,1.67,2.169,316.09,0
1275,821.8,18.02,0.276,1.66,2.175,316.42,0
1276,821.84,16.32,0.275,1.65,2.176,316.59,0
1277,821.88,15.53,0.276,1.62,2.175,316.67,0
1278,821.92,17.26,0.278,1.63,2.165,316.81,0
1279,821.96,19.34,0.277,1.68,2.164,317.14,0
1280,822.0,18.79,0.281,1.69,2.17,317.66,0
1281,822.04,17.92,0.274,1.67,2.167,318.27,0
1282,822.08,19.16,0.28,1.63,2.166,318.86,0
1283,822.12,19.17,0.293,1.62,2.171,319.35,0
1284,822.16,17.38,0.298,1.65,2.176,319.8,0
1285,822.2,16.32,0.302,1.68,2.17,320.31,0
1286,822.24,17.61,0.295,1.67,2.158,320.99,0
1287,822.28,20.63,0.282,1.67,2.151,321.84,0
1288,822.32,21.51,0.274,1.66,2.163,322.72,0
1289,822.36,21.43,0.28,1.67,2.176,323.44,0
1290,822.4,22.01,0.291,1.69,2.172,323.84,0
1291,822.44,22.53,0.301,1.67,2.162,323.88,0
1292,822.48,24.09,0.304,1.64,2.166,323.63,0
1293,822.52,24.27,0.3,1.66,2.174,323.31,0
1294,822.56,21.61,0.289,1.73,2.173,323.11,0
1295,822.6,20.31,0.28,1.75,2.169,323.12,0
1296,822.64,22.02,0.271,1.73,2.163,323.33,0
1297,822.68,23.18,0.267,1.73,2.156,323.67,0
1298,822.72,22.41,0.267,1.73,2.15,324.04,0
1299,822.76,22.38,0.276,1.72,2.148,324.32,0
1300,822.8,23.22,0.283,1.71,2.15,324.4,0
1301,822.84,20.03,0.281,1.64,2.162,324.22,0
1302,822.88,18.34,0.278,1.59,2.173,323.81,0
1303,822.92,18.87,0.273,1.63,2.172,323.3,0
1304,822.96,18.36,0.28,1.71,2.15,322.85,0
1305,823.0,17.49,0.289,1.75,2.136,322.56,0
1306,823.04,17.82,0.287,1.71,2.147,322.46,0
1307,823.08,20.1,0.282,1.65,2.162,322.52,0
1308,823.12,21.17,0.277,1.62,2.166,322.68,0
1309,823.16,19.65,0.275,1.63,2.163,322.92,0
1310,823.2,17.32,0.268,1.6,2.168,323.22,0
1311,823.24,15.55,0.273,1.56,2.176,323.54,0
1312,823.28,14.81,0.275,1.61,2.168,323.87,0
1313,823.32,16.79,0.283,1.72,2.148,324.2,0
1314,823.36,19.41,0.285,1.78,2.135,324.5,0
1315,823.4,18.83,0.282,1.76,2.13,324.77,0
1316,823.44,18.51,0.289,1.73,2.126,324.91,0
1317,823.48,19.25,0.284,1.73,2.123,324.82,0
1318,823.52,18.99,0.278,1.71,2.126,324.43,0
1319,823.56,20.05,0.272,1.67,2.134,323.73,0
1320,823.6,21.14,0.275,1.65,2.14,322.86,0
1321,823.64,20.25,0.279,1.68,2.139,322.01,0
1322,823.68,19.97,0.284,1.7,2.142,321.36,0
1323,823.72,22.01,0.28,1.68,2.146,320.96,0
1324,823.76,22.79,0.289,1.64,2.146,320.75,0
1325,823.8,20.54,0.278,1.63,2.149,320.66,0
1326,823.84,19.17,0.271,1.66,2.16,320.61,0
1327,823.88,18.32,0.27,1.69,2.165,320.55,0
1328,823.92,16.05,0.274,1.73,2.157,320.43,0
1329,823.96,16.02,0.282,1.74,2.16,320.21,0
1330,824.0,18.61,0.285,1.72,2.171,319.85,0
1331,824.04,19.99,0.28,1.75,2.17,319.37,0
1332,824.08,20.5,0.278,1.82,2.163,318.86,0
1333,824.12,19.96,0.28,1.85,2.166,318.44,0
1334,824.16,18.4,0.285,1.87,2.166,318.2,0
1335,824.2,16.79,0.283,1.83,2.158,318.16,0
1336,824.24,16.37,0.28,1.76,2.147,318.29,0
1337,824.28,16.92,0.277,1.67,2.141,318.52,0
1338,824.32,19.11,0.278,1.62,2.138,318.84,0
1339,824.36,22.07,0.271,1.66,2.133,319.24,0
1340,824.4,25.88,0.273,1.72,2.134,319.73,0
1341,824.44,27.56,0.271,1.74,2.135,320.23,0
1342,824.48,24.61,0.271,1.73,2.137,320.67,0
1343,824.52,21.3,0.271,1.69,2.152,321.0,0
1344,824.56,20.25,0.27,1.65,2.171,321.22,0
1345,824.6,21.14,0.268,1.6,2.178,321.39,0
1346,824.64,19.3,0.267,1.6,2.171,321.52,0
1347,824.68,17.28,0.269,1.6,2.159,321.63,0
1348,824.72,18.95,0.279,1.6,2.144,321.7,0
1349,824.76,22.09,0.282,1.63,2.123,321.74,0
1350,824.8,22.78,0.278,1.66,2.111,321.72,0
1351,824.84,20.21,0.271,1.69,2.113,321.61,0
1352,824.88,19.2,0.27,1.7,2.12,321.34,0
1353,824.92,21.13,0.272,1.71,2.128,320.87,0
1354,824.96,24.46,0.277,1.68,2.137,320.22,0
1355,825.0,23.93,0.275,1.64,2.146,319.58,0
1356,825.04,20.67,0.265,1.59,2.152,319.19,0
1357,825.08,20.32,0.259,1.56,2.158,319.17,0
1358,825.12,21.83,0.261,1.56,2.163,319.51,0
1359,825.16,22.09,0.267,1.6,2.155,320.07,0
1360,825.2,22.04,0.273,1.63,2.143,320.66,0
1361,825.24,20.79,0.273,1.63,2.144,321.15,0
1362,825.28,18.79,0.276,1.63,2.151,321.5,0
1363,825.32,18.06,0.283,1.66,2.153,321.68,0
1364,825.36,18.01,0.288,1.69,2.15,321.7,0
1365,825.4,17.54,0.296,1.66,2.154,321.51,0
1366,825.44,17.71,0.298,1.61,2.16,321.16,0
1367,825.48,19.87,0.286,1.57,2.16,320.74,0
1368,825.52,22.4,0.271,1.58,2.151,320.38,0
1369,825.56,21.9,0.274,1.63,2.143,320.21,0
1370,825.6,19.05,0.283,1.71,2.133,320.23,0
1371,825.64,18.15,0.292,1.81,2.128,320.35,0
1372,825.68,19.75,0.291,1.83,2.134,320.45,0
1373,825.72,20.64,0.278,1.75,2.143,320.45,0
1374,825.76,17.89,0.279,1.7,2.149,320.39,0
1375,825.8,15.02,0.28,1.71,2.149,320.44,0
1376,825.84,16.29,0.282,1.71,2.148,320.78,0
1377,825.88,20.04,0.292,1.7,2.145,321.6,0
1378,825.92,21.49,0.289,1.7,2.138,322.89,0
1379,825.96,21.45,0.287,1.7,2.13,324.51,0
1380,826.0,21.14,0.29,1.71,2.123,326.07,0
1381,826.04,21.32,0.295,1.7,2.122,327.07,0
1382,826.08,23.53,0.284,1.74,2.13,327.15,0
1383,826.12,25.93,0.279,1.78,2.138,326.33,0
1384,826.16,24.89,0.27,1.75,2.139,325.06,0
1385,826.2,22.69,0.264,1.68,2.144,323.91,0
1386,826.24,22.39,0.259,1.63,2.155,323.27,0
1387,826.28,23.28,0.263,1.68,2.161,323.22,0
1388,826.32,21.79,0.266,1.72,2.158,323.55,0
1389,826.36,19.38,0.272,1.71,2.155,323.94,0
1390,826.4,19.74,0.275,1.74,2.155,324.18,0
1391,826.44,20.59,0.278,1.8,2.165,324.21,0
1392,826.48,21.35,0.286,1.83,2.171,324.08,0
1393,826.52,21.82,0.287,1.81,2.157,323.86,0
1394,826.56,20.48,0.284,1.76,2.152,323.57,0
1395,826.6,18.13,0.279,1.71,2.169,323.2,0
1396,826.64,18.58,0.28,1.72,2.182,322.67,0
1397,826.68,19.98,0.282,1.77,2.176,321.98,0
1398,826.72,19.28,0.282,1.77,2.167,321.18,0
1399,826.76,17.69,0.281,1.74,2.17,320.37,0
1400,826.8,18.41,0.286,1.74,2.168,319.65,0
1401,826.84,20.22,0.29,1.75,2.159,319.03,0
1402,826.88,21.41,0.285,1.73,2.153,318.48,0
1403,826.92,21.11,0.279,1.7,2.152,318.02,0
1404,826.96,19.42,0.275,1.68,2.142,317.68,0
1405,827.0,17.65,0.279,1.67,2.126,317.58,0
1406,827.04,18.6,0.279,1.7,2.114,317.8,0
1407,827.08,20.59,0.273,1.74,2.112,318.33,0
1408,827.12,20.61,0.281,1.74,2.115,319.03,0
1409,827.16,19.94,0.288,1.71,2.119,319.69,0
1410,827.2,19.26,0.285,1.72,2.116,320.09,0
1411,827.24,18.95,0.278,1.74,2.112,320.16,0
1412,827.28,19.36,0.272,1.72,2.122,319.96,0
1413,827.32,17.7,0.273,1.67,2.142,319.64,0
1414,827.36,17.1,0.27,1.63,2.149,319.32,0
1415,827.4,19.79,0.276,1.6,2.149,319.05,0
1416,827.44,24.37,0.279,1.57,2.156,318.81,0
1417,827.48,27.53,0.278,1.57,2.162,318.54,0
1418,827.52,27.39,0.264,1.59,2.155,318.21,0
1419,827.56,24.33,0.261,1.63,2.145,317.84,0
1420,827.6,20.36,0.269,1.68,2.149,317.49,0
1421,827.64,18.98,0.274,1.67,2.163,317.23,0
1422,827.68,20.34,0.287,1.59,2.169,317.13,0
1423,827.72,23.44,0.292,1.55,2.166,317.25,0
1424,827.76,24.71,0.285,1.59,2.159,317.58,0
1425,827.8,23.48,0.267,1.67,2.158,318.01,0
1426,827.84,21.63,0.258,1.7,2.16,318.42,0
1427,827.88,21.32,0.257,1.7,2.159,318.67,0
1428,827.92,22.09,0.265,1.7,2.157,318.73,0
1429,827.96,21.53,0.278,1.7,2.156,318.65,0
1430,828.0,20.87,0.281,1.65,2.163,318.57,0
1431,828.04,20.34,0.281,1.6,2.169,318.66,0
1432,828.08,20.39,0.279,1.59,2.161,319.05,0
1433,828.12,21.38,0.287,1.64,2.144,319.72,0
1434,828.16,21.99,0.291,1.64,2.142,320.56,0
1435,828.2,20.91,0.293,1.57,2.149,321.43,0
1436,828.24,20.15,0.295,1.56,2.152,322.17,0
1437,828.28,20.63,0.299,1.64,2.148,322.68,0
1438,828.32,19.84,0.298,1.73,2.137,323.01,0
1439,828.36,21.0,0.289,1.75,2.125,323.27,0
1440,828.4,24.15,0.286,1.67,2.124,323.57,0
1441,828.44,24.35,0.277,1.58,2.135,324.03,0
1442,828.48,21.9,0.282,1.55,2.14,324.71,0
1443,828.52,20.07,0.297,1.58,2.127,325.61,0
1444,828.56,18.55,0.315,1.6,2.118,326.61,0
1445,828.6,16.89,0.313,1.61,2.122,327.57,0
1446,828.64,17.08,0.305,1.63,2.121,328.38,0
1447,828.68,18.3,0.297,1.69,2.11,329.0,0
1448,828.72,17.94,0.285,1.74,2.112,329.49,0
1449,828.76,17.94,0.273,1.8,2.117,329.94,0
1450,828.8,21.22,0.264,1.82,2.108,330.47,0
1451,828.84,24.79,0.267,1.82,2.101,331.12,0
1452,828.88,24.85,0.271,1.8,2.105,331.89,0
1453,828.92,23.43,0.284,1.79,2.109,332.69,0
1454,828.96,23.46,0.29,1.76,2.11,333.42,0
1455,829.0,24.26,0.279,1.76,2.105,333.98,0
1456,829.04,26.19,0.275,1.79,2.103,334.38,0
1457,829.08,27.78,0.279,1.74,2.117,334.66,0
1458,829.12,26.96,0.285,1.68,2.137,334.83,0
1459,829.16,25.85,0.289,1.7,2.144,334.89,0
1460,829.2,24.45,0.299,1.73,2.151,334.73,0
1461,829.24,23.61,0.295,1.74,2.165,334.28,0
1462,829.28,23.83,0.291,1.8,2.169,333.55,0
1463,829.32,23.77,0.29,1.84,2.172,332.68,0
1464,829.36,25.0,0.292,1.81,2.171,331.9,0
1465,829.4,24.26,0.286,1.74,2.162,331.4,0
1466,829.44,21.74,0.289,1.68,2.151,331.25,0
1467,829.48,21.02,0.291,1.67,2.14,331.37,0
1468,829.52,21.7,0.284,1.68,2.131,331.63,0
1469,829.56,21.75,0.281,1.68,2.128,331.86,0
1470,829.6,21.63,0.284,1.67,2.135,331.98,0
1471,829.64,23.95,0.295,1.69,2.143,331.93,0
1472,829.68,26.94,0.295,1.72,2.137,331.69,0
1473,829.72,26.35,0.298,1.68,2.133,331.2,0
1474,829.76,22.27,0.301,1.6,2.131,330.45,0
1475,829.8,19.47,0.299,1.6,2.126,329.47,0
1476,829.84,16.92,0.296,1.61,2.127,328.3,0
1477,829.88,14.35,0.287,1.6,2.129,327.04,0
1478,829.92,15.54,0.285,1.62,2.132,325.74,0
1479,829.96,18.16,0.281,1.64,2.139,324.48,0
1480,830.0,18.7,0.287,1.65,2.142,323.32,0
1481,830.04,17.58,0.298,1.66,2.134,322.31,0
1482,830.08,17.54,0.31,1.65,2.135,321.44,0
1483,830.12,17.94,0.304,1.64,2.145,320.66,0
1484,830.16,18.65,0.282,1.65,2.147,319.85,0
1485,830.2,19.87,0.263,1.67,2.147,318.91,0
1486,830.24,19.51,0.252,1.67,2.154,317.79,0
1487,830.28,18.1,0.244,1.7,2.162,316.58,0
1488,830.32,18.78,0.247,1.71,2.176,315.44,0
1489,830.36,20.23,0.245,1.69,2.192,314.53,0
1490,830.4,21.01,0.251,1.72,2.193,313.98,0
1491,830.44,21.75,0.256,1.73,2.189,313.81,0
1492,830.48,20.96,0.266,1.7,2.192,313.97,0
1493,830.52,20.07,0.264,1.7,2.188,314.31,0
1494,830.56,18.51,0.26,1.69,2.181,314.69,0
1495,830.6,16.98,0.255,1.66,2.182,314.99,0
1496,830.64,16.4,0.26,1.66,2.181,315.18,0
1497,830.68,17.56,0.261,1.68,2.174,315.3,0
1498,830.72,18.75,0.261,1.73,2.165,315.44,0
1499,830.76,18.75,0.257,1.74,2.163,315.65,0
1500,830.8,18.43,0.258,1.7,2.167,315.96,0
1501,830.84,18.37,0.26,1.68,2.166,316.37,0
1502,830.88,19.42,0.265,1.7,2.163,316.88,0
1503,830.92,22.94,0.277,1.67,2.164,317.54,0
1504,830.96,25.83,0.279,1.58,2.164,318.4,0
1505,831.0,24.03,0.28,1.53,2.157,319.48,0
1506,831.04,20.14,0.28,1.55,2.148,320.75,0
1507,831.08,17.45,0.284,1.6,2.14,322.05,0
1508,831.12,17.47,0.28,1.64,2.134,323.25,0
1509,831.16,19.38,0.286,1.66,2.126,324.26,0
1510,831.2,20.01,0.294,1.67,2.119,325.07,0
1511,831.24,19.04,0.299,1.67,2.119,325.81,0
1512,831.28,19.15,0.293,1.69,2.122,326.59,0
1513,831.32,18.82,0.288,1.68,2.129,327.5,0
1514,831.36,18.28,0.294,1.63,2.144,328.63,0
1515,831.4,19.2,0.296,1.6,2.16,330.01,0
1516,831.44,19.93,0.289,1.57,2.169,331.61,0
1517,831.48,22.06,0.291,1.54,2.175,333.35,0
1518,831.52,24.88,0.288,1.56,2.173,335.06,0
1519,831.56,27.13,0.286,1.6,2.162,336.52,0
1520,831.6,27.43,0.287,1.62,2.149,337.52,0
1521,831.64,25.09,0.288,1.61,2.145,337.94,0
1522,831.68,23.35,0.296,1.61,2.142,337.83,0
1523,831.72,24.23,0.302,1.66,2.129,337.41,0
1524,831.76,23.73,0.303,1.72,2.115,337.03,0
1525,831.8,21.9,0.294,1.71,2.114,337.02,0
1526,831.84,22.58,0.297,1.66,2.129,337.57,0
1527,831.88,22.21,0.304,1.63,2.143,338.7,0
1528,831.92,19.69,0.31,1.64,2.145,340.27,0
1529,831.96,16.36,0.317,1.67,2.138,342.05,0
1530,832.0,16.32,0.308,1.69,2.134,343.79,0
1531,832.04,20.25,0.3,1.67,2.139,345.3,0
1532,832.08,24.63,0.303,1.66,2.147,346.48,0
1533,832.12,25.33,0.308,1.73,2.15,347.27,0
1534,832.16,25.3,0.314,1.89,2.154,347.65,0
1535,832.2,26.01,0.314,2.1,2.158,347.69,0
1536,832.24,27.12,0.325,2.31,2.159,347.43,0
1537,832.28,25.83,0.328,2.45,2.153,346.97,0
1538,832.32,24.06,0.333,2.51,2.135,346.37,0
1539,832.36,22.84,0.325,2.55,2.118,345.65,0
1540,832.4,20.0,0.308,2.48,2.111,344.77,0
1541,832.44,19.06,0.295,2.31,2.113,343.68,0
1542,832.48,21.32,0.295,2.08,2.123,342.34,0
1543,832.52,23.94,0.296,1.9,2.133,340.79,0
1544,832.56,25.23,0.299,1.79,2.143,339.1,0
1545,832.6,24.77,0.295,1.71,2.154,337.34,0
1546,832.64,22.55,0.288,1.67,2.155,335.61,0
1547,832.68,22.07,0.288,1.65,2.142,334.04,0
1548,832.72,23.82,0.288,1.64,2.132,332.77,0
1549,832.76,23.79,0.287,1.66,2.129,332.01,0
1550,832.8,22.5,0.294,1.69,2.131,331.83,0
1551,832.84,22.08,0.295,1.66,2.142,332.15,0
1552,832.88,22.37,0.3,1.63,2.152,332.75,0
1553,832.92,22.59,0.3,1.6,2.146,333.34,0
1554,832.96,21.74,0.295,1.58,2.137,333.73,0
1555,833.0,20.23,0.295,1.59,2.132,333.84,0
1556,833.04,20.11,0.299,1.64,2.128,333.76,0
1557,833.08,21.82,0.298,1.67,2.12,333.62,0
1558,833.12,23.12,0.287,1.71,2.11,333.53,0
1559,833.16,24.53,0.285,1.69,2.111,333.51,0
1560,833.2,25.21,0.288,1.66,2.118,333.49,0
1561,833.24,23.2,0.289,1.66,2.12,333.38,0
1562,833.28,20.33,0.287,1.69,2.117,333.14,0
1563,833.32,19.32,0.284,1.69,2.115,332.79,0
1564,833.36,20.07,0.292,1.67,2.127,332.43,0
1565,833.4,19.93,0.287,1.64,2.139,332.22,0
1566,833.44,19.27,0.284,1.64,2.133,332.27,0
1567,833.48,20.63,0.282,1.62,2.127,332.62,0
1568,833.52,23.29,0.288,1.6,2.14,333.21,0
1569,833.56,23.0,0.285,1.6,2.168,333.93,0
1570,833.6,21.81,0.287,1.55,2.195,334.62,0
1571,833.64,21.03,0.287,1.48,2.205,335.16,0
1572,833.68,19.23,0.291,1.49,2.198,335.51,0
1573,833.72,17.62,0.29,1.6,2.19,335.74,0
1574,833.76,16.84,0.293,1.66,2.185,335.99,0
1575,833.8,17.93,0.296,1.62,2.182,336.37,0
1576,833.84,21.33,0.296,1.59,2.181,336.89,0
1577,833.88,21.66,0.287,1.62,2.167,337.47,0
1578,833.92,18.58,0.28,1.65,2.155,338.04,0
1579,833.96,16.01,0.276,1.67,2.145,338.56,0
1580,834.0,16.02,0.278,1.69,2.136,339.07,0
1581,834.04,17.29,0.286,1.67,2.138,339.7,0
1582,834.08,19.1,0.298,1.64,2.147,340.58,0
1583,834.12,22.42,0.308,1.65,2.155,341.73,0
1584,834.16,25.66,0.316,1.7,2.163,343.05,0
1585,834.2,24.18,0.318,1.73,2.17,344.2,0
1586,834.24,21.57,0.311,1.71,2.176,344.75,0
1587,834.28,21.35,0.299,1.68,2.18,344.39,0
1588,834.32,21.64,0.29,1.66,2.179,343.05,0
1589,834.36,22.49,0.282,1.68,2.165,341.04,0
1590,834.4,24.61,0.284,1.7,2.159,338.83,0
1591,834.44,25.36,0.284,1.67,2.172,336.89,0
1592,834.48,23.68,0.293,1.63,2.176,335.48,0
1593,834.52,21.41,0.308,1.64,2.163,334.65,0
1594,834.56,20.32,0.315,1.64,2.155,334.25,0
1595,834.6,20.51,0.298,1.64,2.156,334.03,0
1596,834.64,20.2,0.284,1.64,2.16,333.73,0
1597,834.68,21.23,0.279,1.64,2.153,333.17,0
1598,834.72,25.6,0.278,1.65,2.141,332.4,0
1599,834.76,28.25,0.272,1.63,2.14,331.55,0
1600,834.8,25.67,0.268,1.63,2.142,330.93,0
1601,834.84,25.17,0.269,1.63,2.143,330.74,0
1602,834.88,28.72,0.272,1.64,2.137,331.07,0
1603,834.92,30.57,0.289,1.65,2.13,331.87,0
1604,834.96,29.33,0.294,1.67,2.137,332.94,0
1605,835.0,30.13,0.31,1.68,2.154,334.09,0
1606,835.04,31.53,0.32,1.7,2.171,335.19,0
1607,835.08,30.75,0.317,1.71,2.168,336.23,0
1608,835.12,29.6,0.3,1.74,2.14,337.21,0
1609,835.16,29.6,0.294,1.76,2.12,338.17,0
1610,835.2,29.42,0.295,1.76,2.123,339.12,0
1611,835.24,29.69,0.293,1.75,2.126,340.05,0
1612,835.28,30.03,0.284,1.74,2.125,341.05,0
1613,835.32,31.02,0.278,1.75,2.131,342.15,0
1614,835.36,33.18,0.267,1.79,2.139,343.29,0
1615,835.4,39.48,0.268,1.74,2.157,344.22,0
1616,835.44,47.11,0.271,1.69,2.191,344.69,0
1617,835.48,50.71,0.268,1.71,2.234,344.54,0
1618,835.52,52.14,0.253,1.79,2.268,343.81,0
1619,835.56,57.21,0.248,1.85,2.287,342.68,0
1620,835.6,63.04,0.242,1.83,2.316,341.38,1
1621,835.64,65.21,0.241,1.83,2.369,340.15,1
1622,835.68,68.65,0.247,1.96,2.412,339.12,1
1623,835.72,70.97,0.259,2.15,2.403,338.42,1
1624,835.76,67.28,0.267,2.25,2.375,338.04,1
1625,835.8,65.1,0.257,2.19,2.358,337.91,1
1626,835.84,64.98,0.253,2.11,2.363,337.83,1
1627,835.88,62.31,0.263,2.11,2.382,337.46,1
1628,835.92,60.24,0.264,2.23,2.386,336.54,1
1629,835.96,58.4,0.266,2.31,2.369,334.98,1
1630,836.0,55.19,0.285,2.29,2.362,332.98,0
1631,836.04,55.18,0.287,2.23,2.368,330.96,0
1632,836.08,58.56,0.283,2.15,2.38,329.36,1
1633,836.12,58.99,0.286,2.07,2.37,328.42,1
1634,836.16,53.06,0.292,2.06,2.335,328.19,0
1635,836.2,47.58,0.3,2.1,2.293,328.5,0
1636,836.24,46.95,0.307,2.14,2.26,329.14,0
1637,836.28,46.39,0.308,2.16,2.228,329.92,0
1638,836.32,43.15,0.304,2.12,2.199,330.75,0
1639,836.36,40.06,0.298,2.08,2.173,331.64,0
1640,836.4,37.43,0.298,1.99,2.153,332.55,0
1641,836.44,33.88,0.291,1.83,2.144,333.49,0
1642,836.48,31.02,0.287,1.71,2.147,334.43,0
1643,836.52,30.05,0.291,1.67,2.152,335.4,0
1644,836.56,27.94,0.298,1.67,2.157,336.42,0
1645,836.6,25.69,0.299,1.66,2.162,337.51,0
1646,836.64,25.7,0.289,1.66,2.154,338.6,0
1647,836.68,25.73,0.291,1.7,2.141,339.55,0
1648,836.72,26.27,0.285,1.76,2.124,340.28,0
1649,836.76,27.24,0.278,1.8,2.113,340.72,0
1650,836.8,24.14,0.273,1.76,2.119,341.02,0
1651,836.84,19.72,0.279,1.7,2.14,341.31,0
1652,836.88,19.94,0.293,1.71,2.146,341.75,0
1653,836.92,23.81,0.3,1.74,2.137,342.36,0
1654,836.96,25.74,0.302,1.72,2.137,342.99,0
1655,837.0,27.56,0.301,1.7,2.134,343.43,0
1656,837.04,29.93,0.306,1.72,2.127,343.5,0
1657,837.08,31.22,0.313,1.78,2.128,343.19,0
1658,837.12,30.13,0.318,1.83,2.13,342.57,0
1659,837.16,28.82,0.317,1.83,2.123,341.8,0
1660,837.2,27.96,0.322,1.78,2.116,340.98,0
1661,837.24,26.52,0.304,1.71,2.126,340.17,0
1662,837.28,26.61,0.296,1.66,2.147,339.42,0
1663,837.32,27.39,0.289,1.63,2.161,338.84,0
1664,837.36,26.64,0.297,1.62,2.164,338.51,0
1665,837.4,26.35,0.295,1.62,2.173,338.45,0
1666,837.44,25.29,0.292,1.64,2.176,338.58,0
1667,837.48,24.49,0.29,1.7,2.163,338.76,0
1668,837.52,26.13,0.301,1.76,2.15,338.91,0
1669,837.56,27.68,0.307,1.76,2.144,339.08,0
1670,837.6,28.66,0.297,1.76,2.147,339.35,0
1671,837.64,32.2,0.287,1.8,2.157,339.82,0
1672,837.68,36.4,0.287,1.85,2.169,340.44,0
1673,837.72,37.23,0.282,1.85,2.179,341.08,0
1674,837.76,33.05,0.289,1.84,2.187,341.58,0
1675,837.8,31.78,0.297,1.79,2.21,341.81,0
1676,837.84,34.53,0.304,1.76,2.243,341.73,0
1677,837.88,36.14,0.297,1.88,2.251,341.39,0
1678,837.92,39.03,0.289,1.99,2.233,340.96,0
1679,837.96,42.26,0.281,1.98,2.22,340.58,0
1680,838.0,40.55,0.288,1.88,2.224,340.39,0
1681,838.04,37.58,0.295,1.8,2.222,340.45,0
1682,838.08,38.46,0.301,1.84,2.205,340.74,0
1683,838.12,39.62,0.3,1.92,2.187,341.13,0
1684,838.16,39.1,0.303,1.93,2.176,341.51,0
1685,838.2,36.82,0.282,1.91,2.174,341.74,0
1686,838.24,33.76,0.276,1.88,2.186,341.76,0
1687,838.28,30.89,0.275,1.84,2.2,341.55,0
1688,838.32,28.92,0.272,1.85,2.194,341.19,0
1689,838.36,27.81,0.271,1.81,2.167,340.83,0
1690,838.4,26.58,0.274,1.73,2.139,340.67,0
1691,838.44,27.4,0.275,1.68,2.122,340.9,0
1692,838.48,31.41,0.283,1.65,2.112,341.56,0
1693,838.52,34.17,0.286,1.63,2.105,342.53,0
1694,838.56,32.75,0.285,1.65,2.098,343.52,0
1695,838.6,29.61,0.285,1.64,2.101,344.28,0
1696,838.64,26.3,0.287,1.63,2.103,344.67,0
1697,838.68,22.59,0.296,1.66,2.101,344.77,0
1698,838.72,19.29,0.304,1.68,2.103,344.74,0
1699,838.76,18.06,0.31,1.66,2.108,344.76,0
1700,838.8,18.94,0.31,1.69,2.11,344.86,0
1701,838.84,21.68,0.303,1.76,2.114,344.97,0
1702,838.88,23.76,0.296,1.78,2.131,344.96,0
1703,838.92,25.17,0.292,1.73,2.148,344.75,0
1704,838.96,27.33,0.299,1.69,2.154,344.35,0
1705,839.0,28.92,0.306,1.71,2.149,343.81,0
1706,839.04,29.31,0.295,1.7,2.141,343.26,0
1707,839.08,29.19,0.28,1.64,2.139,342.76,0
1708,839.12,24.94,0.283,1.61,2.131,342.36,0
1709,839.16,22.48,0.284,1.61,2.114,342.05,0
1710,839.2,24.26,0.281,1.65,2.101,341.83,0
1711,839.24,24.62,0.286,1.67,2.104,341.68,0
1712,839.28,25.04,0.295,1.64,2.116,341.57,0
1713,839.32,25.24,0.301,1.68,2.118,341.45,0
1714,839.36,26.14,0.284,1.77,2.12,341.25,0
1715,839.4,29.67,0.275,1.81,2.137,340.95,0
1716,839.44,33.02,0.28,1.76,2.169,340.55,0
1717,839.48,33.77,0.295,1.76,2.192,340.09,0
1718,839.52,32.52,0.291,1.85,2.192,339.62,0
1719,839.56,33.06,0.288,1.89,2.192,339.15,0
1720,839.6,33.52,0.294,1.83,2.21,338.67,0
1721,839.64,31.33,0.305,1.8,2.238,338.12,0
1722,839.68,28.56,0.315,1.84,2.252,337.49,0
1723,839.72,27.99,0.312,1.86,2.238,336.75,0
1724,839.76,29.87,0.311,1.83,2.206,335.93,0
1725,839.8,33.36,0.304,1.79,2.167,335.09,0
1726,839.84,36.16,0.309,1.75,2.142,334.29,0
1727,839.88,36.04,0.308,1.75,2.138,333.53,0
1728,839.92,34.87,0.307,1.75,2.153,332.71,0
1729,839.96,32.68,0.304,1.73,2.175,331.74,0
1730,840.0,29.39,0.304,1.71,2.189,330.58,0
1731,840.04,29.14,0.297,1.71,2.204,329.29,0
1732,840.08,31.31,0.295,1.71,2.217,328.05,0
1733,840.12,31.01,0.291,1.76,2.217,327.0,0
1734,840.16,27.44,0.285,1.86,2.206,326.14,0
1735,840.2,26.3,0.283,1.87,2.203,325.38,0
1736,840.24,28.14,0.282,1.85,2.198,324.59,0
1737,840.28,28.17,0.291,1.84,2.179,323.73,0
1738,840.32,27.18,0.294,1.86,2.151,322.93,0
1739,840.36,25.18,0.294,1.84,2.139,322.36,0
1740,840.4,21.51,0.292,1.77,2.147,322.17,0
1741,840.44,19.6,0.295,1.73,2.155,322.4,0
1742,840.48,21.24,0.29,1.71,2.162,322.91,0
1743,840.52,22.82,0.289,1.69,2.176,323.51,0
1744,840.56,23.39,0.282,1.66,2.178,323.99,0
1745,840.6,23.43,0.29,1.67,2.164,324.21,0
1746,840.64,24.96,0.289,1.68,2.162,324.14,0
1747,840.68,28.65,0.284,1.69,2.179,323.84,0
1748,840.72,29.73,0.276,1.69,2.198,323.46,0
1749,840.76,27.43,0.27,1.71,2.205,323.17,0
1750,840.8,28.05,0.252,1.69,2.211,323.11,0
1751,840.84,29.69,0.247,1.65,2.233,323.36,0
1752,840.88,29.15,0.25,1.68,2.249,323.92,0
1753,840.92,25.41,0.248,1.8,2.255,324.6,0
1754,840.96,22.08,0.246,1.88,2.274,325.19,0
1755,841.0,21.32,0.25,1.96,2.288,325.43,0
1756,841.04,22.46,0.252,2.09,2.279,325.14,0
1757,841.08,25.9,0.252,2.18,2.254,324.32,0
1758,841.12,28.5,0.252,2.22,2.225,323.04,0
1759,841.16,27.19,0.256,2.18,2.212,321.5,0
1760,841.2,24.06,0.26,2.15,2.216,319.87,0
1761,841.24,25.55,0.257,2.14,2.21,318.32,0
1762,841.28,30.57,0.257,1.97,2.205,317.03,0
1763,841.32,32.53,0.265,1.76,2.229,316.15,0
1764,841.36,32.38,0.269,1.65,2.284,315.76,0
1765,841.4,31.63,0.27,1.63,2.351,315.82,0
1766,841.44,31.41,0.263,1.65,2.407,316.2,0
1767,841.48,30.49,0.272,1.76,2.45,316.7,0
1768,841.52,28.68,0.287,2.0,2.495,317.21,0
1769,841.56,27.15,0.304,2.38,2.505,317.73,0
1770,841.6,27.09,0.319,2.71,2.457,318.46,0
1771,841.64,28.54,0.332,2.91,2.394,319.72,0
1772,841.68,28.96,0.345,2.95,2.335,321.82,0
1773,841.72,30.88,0.348,2.75,2.281,324.98,0
1774,841.76,33.15,0.342,2.44,2.231,329.22,0
1775,841.8,32.37,0.335,2.13,2.182,334.37,0
1776,841.84,28.14,0.328,1.89,2.136,340.11,0
1777,841.88,26.29,0.319,1.74,2.112,346.02,0
1778,841.92,28.19,0.309,1.69,2.109,351.6,0
1779,841.96,28.05,0.295,1.71,2.11,356.37,0
1780,842.0,24.82,0.289,1.73,2.114,360.01,0
1781,842.04,22.94,0.291,1.71,2.121,362.44,2
1782,842.08,24.58,0.299,1.68,2.138,363.85,2
1783,842.12,25.76,0.307,1.66,2.17,364.55,2
1784,842.16,27.5,0.306,1.67,2.198,364.77,2
1785,842.2,28.57,0.314,1.71,2.213,364.63,2
1786,842.24,26.92,0.314,1.81,2.206,364.18,2
1787,842.28,24.29,0.318,1.87,2.189,363.53,2
1788,842.32,21.97,0.324,1.84,2.177,362.86,2
1789,842.36,22.02,0.313,1.82,2.177,362.39,2
1790,842.4,25.4,0.304,1.81,2.187,362.24,2
1791,842.44,28.1,0.297,1.81,2.201,362.3,2
1792,842.48,29.09,0.3,1.86,2.206,362.24,2
1793,842.52,31.17,0.308,1.91,2.196,361.65,2
1794,842.56,31.51,0.314,1.91,2.189,360.27,2
1795,842.6,30.75,0.315,1.88,2.198,358.15,2
1796,842.64,30.16,0.308,1.82,2.207,355.63,0
1797,842.68,27.49,0.311,1.83,2.198,353.17,0
1798,842.72,24.19,0.317,1.91,2.196,351.14,0
1799,842.76,23.51,0.321,1.99,2.21,349.61,0
